Symbol,Date,Open,High,Low,Close,Volume
A,26-Oct-2010,24.7711,25.0358,24.6066,24.8927,3200000
AA,26-Oct-2010,38.31,38.76,37.98,38.61,21633200
AAN,26-Oct-2010,18.17,22.53,18.17,19.03,2959400
AAP,26-Oct-2010,62.01,62.22,61.54,61.86,579300
AAV,26-Oct-2010,6.06,6.12,6.01,6.03,274300
AB,26-Oct-2010,26,26.52,25.88,26.34,245700
ABB,26-Oct-2010,22.06,22.28,22,22.23,1639500
ABC,26-Oct-2010,31.94,33.14,31.71,32.43,4875000
ABG,26-Oct-2010,14.47,14.5,13.85,14.37,314500
ABM,26-Oct-2010,22.63,22.92,22.5,22.7,111300
ABR,26-Oct-2010,5.23,5.28,5.23,5.25,49900
ABT,26-Oct-2010,52.39,52.69,52.32,52.69,3987400
ABX,26-Oct-2010,45.92,46.91,45.9,46.62,5853800
ACC,26-Oct-2010,32.43,32.43,32,32.1,615100
ACH,26-Oct-2010,24.31,24.59,24.15,24.41,825800
ACM,26-Oct-2010,26.21,26.63,26.14,26.36,1066600
ACN,26-Oct-2010,45.26,45.43,44.97,45.05,2965500
ACV,26-Oct-2010,37.33,37.39,37.23,37.24,3075000
ADC,26-Oct-2010,25.69,26.02,25.61,25.79,19900
ADM,26-Oct-2010,33.54,33.69,33.15,33.37,3722300
ADS,26-Oct-2010,63.38,63.79,62.02,62.15,1442100
ADX,26-Oct-2010,10.22,10.31,10.21,10.28,100200
AEB,26-Oct-2010,21.75,21.89,21.63,21.68,28900
AED,26-Oct-2010,22.37,22.74,22.26,22.64,215700
AEE,26-Oct-2010,28.7,28.88,28.59,28.68,1538200
AEG,26-Oct-2010,6.31,6.38,6.29,6.34,684500
AEH,26-Oct-2010,22.22,22.85,22.22,22.76,226100
AEL,26-Oct-2010,10.97,11.25,10.91,11.15,718100
AEM,26-Oct-2010,70.77,72.25,70.43,71.67,1591900
AEO,26-Oct-2010,16.67,17.16,16.48,17.01,2923400
AEP,26-Oct-2010,36.37,36.75,36.36,36.66,2489200
AER,26-Oct-2010,12.65,12.74,12.45,12.5,435300
AES,26-Oct-2010,12.24,12.25,12.04,12.11,4616400
AET,26-Oct-2010,31.06,31.06,30.61,30.78,3475800
AFB,26-Oct-2010,14.25,14.31,14.23,14.23,30800
AFC,26-Oct-2010,23.14,23.3,22.86,23.09,58400
AFG,26-Oct-2010,30.85,31.28,30.81,31.11,327600
AFL,26-Oct-2010,54.97,55.48,54.8,55.19,2923300
AGC,26-Oct-2010,9.33,9.42,9.32,9.4,112000
AGCO,26-Oct-2010,44.16,44.55,42.68,42.81,3187900
AGD,26-Oct-2010,13.52,13.66,13.52,13.62,59600
AGM,26-Oct-2010,12.34,12.75,12.25,12.61,98900
AGM.A,26-Oct-2010,11.56,11.56,11.56,11.56,700
AGN,26-Oct-2010,71.8,72.1,71.37,72,1283300
AGO,26-Oct-2010,19.56,20.05,19.2,19.7,4344900
AGO-B,26-Oct-2010,24.21,24.21,23.4,24.07,25800
AGO-E,26-Oct-2010,22.09,22.18,21.51,22.05,76100
AGO-F,26-Oct-2010,19.98,20.35,19.51,20.1,33500
AGU,26-Oct-2010,86.82,89.16,86.65,88.53,1956300
AHC,26-Oct-2010,7.34,7.34,7.2,7.23,54900
AHL,26-Oct-2010,31.16,31.58,31.07,31.5,830100
AHT,26-Oct-2010,9.89,10.03,9.87,9.89,190400
AHT-D,26-Oct-2010,22.69,22.82,22.57,22.69,169700
AI,26-Oct-2010,23.93,24.1,23.31,23.43,43000
AIG,26-Oct-2010,40.84,42.05,40.84,42.03,3252100
AIN,26-Oct-2010,20.15,20.5,19.99,20.26,100000
AIR,26-Oct-2010,22.56,22.83,22.29,22.58,348000
AIT,26-Oct-2010,32.99,33.14,32.24,32.32,398500
AIV,26-Oct-2010,23.61,23.83,23.35,23.7,1743600
AIZ,26-Oct-2010,41.1,41.64,41.07,41.56,784800
AJG,26-Oct-2010,27.47,27.61,27.18,27.22,440400
AKO.A,26-Oct-2010,23.89,23.89,23.85,23.85,24500
AKO.B,26-Oct-2010,29.17,29.25,28.94,28.94,66200
AKP,26-Oct-2010,14.29,14.39,14.26,14.26,15200
AKR,26-Oct-2010,19.56,19.62,19.35,19.52,193400
AKS,26-Oct-2010,12.7,12.95,12.4,12.84,12794000
ALB,26-Oct-2010,49.53,50.69,49.43,50.17,576100
ALE,26-Oct-2010,36.69,37.06,36.5,36.77,107100
ALEX,26-Oct-2010,34.7,35.15,34.54,34.58,110400
ALG,26-Oct-2010,23.95,24.81,23.76,24.26,53200
ALK,26-Oct-2010,12.7125,12.98,12.54,12.83,311300
ALL,26-Oct-2010,32.87,33.08,32.62,32.67,5208100
ALV,26-Oct-2010,68.81,71,68.35,70.3,1796300
ALX,26-Oct-2010,369.5,369.95,367.07,369.95,600
AM,26-Oct-2010,19.68,19.93,19.6,19.67,176800
AME,26-Oct-2010,22.4445,24.0889,22.3378,23.84,2018900
AMG,26-Oct-2010,84.5,85.97,83.94,85.04,816500
AMN,26-Oct-2010,66.64,68,66.6,67.85,65400
AMP,26-Oct-2010,51.02,51.23,50.53,50.57,1903400
AMRC,26-Oct-2010,12.74,12.74,12.29,12.39,21600
AMT,26-Oct-2010,50.57,50.98,50.29,50.84,1928500
AMX,26-Oct-2010,28.92,29.09,28.81,29.02,3048200
AN,26-Oct-2010,23.96,24.64,23.96,24.55,926000
ANF,26-Oct-2010,42.51,45.65,42.17,44.84,5392300
ANH,26-Oct-2010,7.04,7.07,7.02,7.02,1114800
ANH-A,26-Oct-2010,25.5,25.54,25.5,25.5,1100
ANH-B,26-Oct-2010,24.5,24.5,24.5,24.5,0
ANTM,26-Oct-2010,56.39,56.64,55.67,55.94,3960000
ANW,26-Oct-2010,16.84,17.09,16.56,16.65,329300
AOD,26-Oct-2010,11.22,11.3,11.12,11.3,892500
AOI,26-Oct-2010,45.1,45.3,44.4,44.9,316400
AON,26-Oct-2010,40.1,40.44,40.05,40.38,2200900
AOS,26-Oct-2010,9.4517,9.4784,9.3134,9.4484,235300
AP,26-Oct-2010,26.44,26.95,26.44,26.62,15000
APA,26-Oct-2010,100.03,100.6,99.32,100.37,3311800
APB,26-Oct-2010,11.3,11.4,11.24,11.4,40000
APC,26-Oct-2010,62.15,63.84,62,63.44,4530000
APD,26-Oct-2010,85.26,85.78,84.5,85.7,696800
APF,26-Oct-2010,16.14,16.28,16.05,16.24,112700
APH,26-Oct-2010,24.84,25.045,24.62,24.94,1358000
APU,26-Oct-2010,46.47,46.82,46.11,46.15,45100
ARE,26-Oct-2010,74.34,74.54,73.62,73.9,307400
ARI,26-Oct-2010,16.3,16.47,16.25,16.34,122900
ARL,26-Oct-2010,7.8,7.8,7.59,7.59,3100
ARNC,26-Oct-2010,12.77,12.92,12.66,12.87,9615200
ARW,26-Oct-2010,28.51,28.68,28.04,28.42,778000
ASA,26-Oct-2010,31.5,32.4,31.47,32.3,63900
ASG,26-Oct-2010,3.92,3.95,3.88,3.92,100300
ASH,26-Oct-2010,25.68,25.96,24.92,25.535,2254300
ASR,26-Oct-2010,49.5,50.29,49.29,50.1,31400
ASX,26-Oct-2010,4.32,4.32,4.21,4.23,537300
AT,26-Oct-2010,13.45,13.45,13.35,13.4,260500
ATI,26-Oct-2010,47.26,49.74,45.51,48.96,3589100
ATO,26-Oct-2010,29.08,29.35,28.91,29.2,475400
ATR,26-Oct-2010,44.93,45.41,44.8,45.14,260300
ATU,26-Oct-2010,23,23.05,22.63,22.69,423200
ATV,26-Oct-2010,4.62,4.74,4.51,4.55,81800
AU,26-Oct-2010,46.08,46.5,45.67,46.11,1707600
AUO,26-Oct-2010,9.88,10.03,9.83,9.99,2932700
AUY,26-Oct-2010,10.7,10.88,10.66,10.72,6646900
AVA,26-Oct-2010,21.53,21.71,21.38,21.53,286400
AVB,26-Oct-2010,109.25,109.98,108.68,109.36,607600
AVD,26-Oct-2010,7.5,7.62,7.45,7.58,118900
AVK,26-Oct-2010,18.19,18.25,18.14,18.2,66400
AVP,26-Oct-2010,32.83,33.12,32.5,32.83,4257000
AVT,26-Oct-2010,28.94,29.11,28.41,28.74,1820400
AVX,26-Oct-2010,14.16,14.58,14.13,14.18,628800
AVY,26-Oct-2010,39.22,39.85,39.08,39.16,1448100
AWF,26-Oct-2010,15.28,15.28,15.19,15.21,178800
AWI,26-Oct-2010,42.24,42.95,42.09,42.42,241600
AWK,26-Oct-2010,23.53,23.73,23.44,23.63,707100
AWP,26-Oct-2010,6.99,7.01,6.95,7.01,241000
AWR,26-Oct-2010,18.465,18.73,18.415,18.62,31200
AXE,26-Oct-2010,56.14,56.17,54.19,54.19,409100
AXL,26-Oct-2010,9.47,9.63,9.31,9.6,2217800
AXP,26-Oct-2010,39.14,40.25,39.14,40.1,12277400
AXR,26-Oct-2010,10.25,10.33,10.25,10.25,4300
AXS,26-Oct-2010,34.64,35.14,34.58,34.77,863800
AYI,26-Oct-2010,50.5,51.11,50.28,50.34,448400
AYR,26-Oct-2010,8.98,9.14,8.93,9.05,1130500
AZN,26-Oct-2010,51.62,51.94,51.56,51.91,618000
AZO,26-Oct-2010,234.47,237,234.47,236.5,440600
AZZ,26-Oct-2010,18.885,19.065,18.63,18.695,65000
B,26-Oct-2010,18.53,18.81,18.33,18.67,245200
BA,26-Oct-2010,71.1,71.65,70.73,71.3,3547100
BAC,26-Oct-2010,11.08,11.48,11.03,11.3,232839400
BAC-C,26-Oct-2010,23.78,24.35,23.55,24.13,135300
BAC-D,26-Oct-2010,21.23,21.44,21.14,21.35,75400
BAC-E,26-Oct-2010,18.29,18.55,18.29,18.54,46800
BAC-I,26-Oct-2010,22.75,23.13,22.75,23,53900
BAC-L,26-Oct-2010,940,941.98,935.51,941.5,4900
BAC-W,26-Oct-2010,24.1,24.35,23.91,24.21,107900
BAC-Y,26-Oct-2010,21.98,24.26,21.98,22.75,175900
BAC.A,26-Oct-2010,5.75,5.98,5.7,5.95,1274300
BAC.B,26-Oct-2010,1.95,2.06,1.95,2,3626900
BAF,26-Oct-2010,15.13,15.18,15.1,15.14,11900
BAK,26-Oct-2010,20.57,20.98,20.41,20.84,143100
BAM,26-Oct-2010,20.1733,20.3467,20.12,20.28,473900
BAP,26-Oct-2010,123.55,125.43,122.88,125.17,348500
BAS,26-Oct-2010,11,11,10.41,10.79,1108700
BAX,26-Oct-2010,50.42,51.11,50.28,51,3510800
BBD,26-Oct-2010,14.9518,15.2135,14.8966,15.1928,7037000
BBF,26-Oct-2010,14.29,14.31,14.22,14.29,8500
BBG,26-Oct-2010,37.26,37.26,36.51,36.86,558900
BBK,26-Oct-2010,15.26,15.41,15.26,15.41,26200
BBL,26-Oct-2010,69.65,70.12,69.43,69.96,1275500
BBN,26-Oct-2010,19.67,19.87,19.56,19.58,175800
BBT,26-Oct-2010,22.26,22.57,22.15,22.5,5474700
BBVA,26-Oct-2010,13.23,13.4,13.18,13.32,1396600
BBW,26-Oct-2010,6.73,6.87,6.51,6.56,247300
BBX,26-Oct-2010,4.6,4.6,4.55,4.6,151300
BBY,26-Oct-2010,42.99,43.28,42.51,42.92,4617000
BC,26-Oct-2010,16.13,16.52,15.8,16.38,800300
BCE,26-Oct-2010,33.69,34.17,33.5,33.61,813100
BCH,26-Oct-2010,87.69,88,85.7,86.03,5800
BCO,26-Oct-2010,23.91,24.03,23.35,23.73,512900
BCR,26-Oct-2010,83.18,83.86,82.4,83.81,710600
BCS,26-Oct-2010,17.51,17.72,17.45,17.59,1566800
BCS-D,26-Oct-2010,25.76,26.06,25.73,26.05,134400
BDC,26-Oct-2010,29.45,29.77,29.25,29.45,281400
BDJ,26-Oct-2010,8.87,9,8.85,8.99,210100
BDN,26-Oct-2010,12.89,12.96,12.28,12.81,1094400
BDX,26-Oct-2010,76.62,77.01,76.58,76.73,912400
BEN,26-Oct-2010,38.4333,38.8,38.3033,38.66,805700
BF.A,26-Oct-2010,20.42,20.4567,20.1434,20.3334,6400
BF.B,26-Oct-2010,20.4334,20.4467,20.13,20.1367,499300
BFK,26-Oct-2010,13.91,13.99,13.9,13.99,51600
BFO,26-Oct-2010,14.5,14.71,14.4,14.5,23800
BFR,26-Oct-2010,12.15,12.28,11.88,11.95,282800
BFS,26-Oct-2010,44.43,44.49,43.88,43.96,23700
BFZ,26-Oct-2010,14.46,14.46,14.34,14.39,39800
BG,26-Oct-2010,62.06,62.53,61.15,62.21,1034100
BGC,26-Oct-2010,28.51,29.13,28.4,28.84,967400
BGG,26-Oct-2010,17.75,17.81,17.46,17.5,525000
BGH,26-Oct-2010,42.45,42.8,42.15,42.66,39200
BGR,26-Oct-2010,25.58,25.84,25.57,25.62,67400
BGS,26-Oct-2010,11.15,11.26,11.13,11.2,130100
BGT,26-Oct-2010,14.8,14.85,14.65,14.68,180000
BGY,26-Oct-2010,10.55,10.72,10.47,10.56,294100
BH,26-Oct-2010,364,368,355.35,358.99,5300
BHE,26-Oct-2010,16.83,16.89,16.44,16.64,256300
BHK,26-Oct-2010,13.5,13.59,13.45,13.48,63400
BHP,26-Oct-2010,81.72,82.36,81.44,82.19,2820700
BID,26-Oct-2010,41.3,43.53,40.8,42.87,2150200
BIF,26-Oct-2010,6.36,6.36,6.3,6.33,26500
BIG,26-Oct-2010,33.61,33.96,33.23,33.72,1200200
BIO,26-Oct-2010,91.77,91.9,91,91,42000
BIO.B,26-Oct-2010,90.56,90.56,90.56,90.56,0
BIP,26-Oct-2010,13.96,14.0467,13.6933,13.9467,162800
BJZ,26-Oct-2010,15.44,15.5,15.34,15.35,11800
BK,26-Oct-2010,24.74,25.09,24.65,25.03,10644500
BKD,26-Oct-2010,19.26,19.51,18.99,19.37,562500
BKE,26-Oct-2010,29.4,29.99,29.1,29.73,172200
BKH,26-Oct-2010,32.45,32.77,32.34,32.52,146400
BKI,26-Oct-2010,15.75,15.78,15.26,15.66,402600
BKK,26-Oct-2010,15.32,15.37,15.32,15.32,26000
BKN,26-Oct-2010,14.9,14.91,14.84,14.86,6000
BKS,26-Oct-2010,15.11,15.45,14.98,14.98,310300
BKT,26-Oct-2010,7.02,7.04,6.98,7.01,170100
BLH,26-Oct-2010,16.61,16.68,16.53,16.57,4700
BLK,26-Oct-2010,167.85,169.24,167,168.62,329500
BLL,26-Oct-2010,15.29,15.4475,15.2175,15.3925,876300
BLW,26-Oct-2010,17.48,17.54,17.32,17.42,205200
BLX,26-Oct-2010,15.35,15.61,15.35,15.5,181800
BMA,26-Oct-2010,46.96,47.5,46.44,47.01,72200
BME,26-Oct-2010,27.09,27.09,26.82,26.92,17500
BMI,26-Oct-2010,42.07,42.67,41.93,42.14,57200
BML-G,26-Oct-2010,16.09,16.25,15.99,16.17,21300
BML-H,26-Oct-2010,15.82,16.08,15.75,15.89,30600
BML-I,26-Oct-2010,21.05,21.47,21.04,21.25,94200
BML-J,26-Oct-2010,18.3,18.6,18.1,18.6,22000
BML-L,26-Oct-2010,17.8,18.08,17.78,17.98,72000
BMO,26-Oct-2010,60.09,60.31,59.85,60.1,310800
BMS,26-Oct-2010,33.39,33.5,33.22,33.36,687000
BMY,26-Oct-2010,27.01,27.08,26.69,26.86,9423600
BNJ,26-Oct-2010,15.61,15.77,15.55,15.66,15300
BNS,26-Oct-2010,52.92,53.55,52.79,53.19,478300
BNY,26-Oct-2010,15.23,15.29,15.22,15.26,7600
BOE,26-Oct-2010,19,19.14,18.98,19.07,203000
BOH,26-Oct-2010,43.7,44.42,43.35,43.39,707600
BORN,26-Oct-2010,17.2,17.74,15.5,15.99,2107100
BP,26-Oct-2010,40.39,40.77,40.21,40.65,7507500
BPI,26-Oct-2010,14.16,14.46,13.87,14.2,456600
BPK,26-Oct-2010,16.02,16.1,15.97,15.97,14500
BPL,26-Oct-2010,62.71,63.08,62.51,63.01,70100
BPT,26-Oct-2010,103,103.42,101.99,102.75,74400
BQH,26-Oct-2010,15.81,15.81,15.72,15.72,800
BR,26-Oct-2010,22,22.23,21.93,21.96,994200
BRC,26-Oct-2010,31.02,31.57,30.81,31.33,196400
BRFS,26-Oct-2010,14.25,14.64,14.25,14.57,1145700
BRK.A,26-Oct-2010,124695,124695,121882,123455,700
BRK.B,26-Oct-2010,83,83.11,81.25,82.22,5246800
BRO,26-Oct-2010,21.94,22.38,21.87,22.27,757800
BRS,26-Oct-2010,38.22,39.12,38.22,38.3,210100
BRT,26-Oct-2010,6.49,6.59,6.48,6.58,8400
BSBR,26-Oct-2010,14.6,14.89,14.41,14.84,3811700
BSD,26-Oct-2010,13.39,13.51,13.39,13.43,6800
BSE,26-Oct-2010,14.42,14.5,14.42,14.5,14400
BSL,26-Oct-2010,19.23,19.38,19.2,19.33,52200
BSX,26-Oct-2010,6.3,6.31,6.25,6.29,6441200
BT,26-Oct-2010,12.285,12.39,12.25,12.345,89800
BTA,26-Oct-2010,11.46,11.47,11.4,11.44,18800
BTE,26-Oct-2010,37.56,38.2,37.29,38.11,216600
BTO,26-Oct-2010,14.9,14.92,14.79,14.92,94400
BTU,26-Oct-2010,52.22,52.86,51.7,52.73,3694300
BTZ,26-Oct-2010,13.01,13.07,12.99,13.01,108000
BUD,26-Oct-2010,62.52,63.05,62.24,62.72,1118200
BVN,26-Oct-2010,51.77,52.48,51.27,52.08,628000
BW,26-Oct-2010,30.05,30.71,29.98,30.07,91600
BWA,26-Oct-2010,26.915,27.235,26.535,26.905,2291600
BWP,26-Oct-2010,33.56,33.78,33.11,33.3,727800
BX,26-Oct-2010,13.54,13.55,13.26,13.39,1872700
BXC,26-Oct-2010,29.8,30,29.6,30,116600
BXG,26-Oct-2010,3.37,3.44,3.32,3.4,30500
BXP,26-Oct-2010,90.19,90.23,89.18,89.87,1022800
BXS,26-Oct-2010,13.54,13.6,12.5,12.61,2662200
BYD,26-Oct-2010,8.28,8.5,8.16,8.25,1390100
BYM,26-Oct-2010,15.16,15.25,15.08,15.09,62100
BZH,26-Oct-2010,20.95,21.1,20.55,20.7,1624800
C,26-Oct-2010,41.6,42.1,41.5,41.8,42127270
C-J,26-Oct-2010,26.4,26.52,26.39,26.45,422900
C-N,26-Oct-2010,26.47,26.5,26.33,26.49,2141800
C-P,26-Oct-2010,26.55,26.65,26.4,26.63,54800
C-S,26-Oct-2010,23,23.11,23,23.07,74400
CACI,26-Oct-2010,46,46.77,45.68,46.74,201300
CAE,26-Oct-2010,10.78,10.82,10.59,10.72,59500
CAF,26-Oct-2010,30.92,31.19,30.75,31.18,108900
CAG,26-Oct-2010,22.89,22.98,22.58,22.68,3839800
CAH,26-Oct-2010,32.24,34.23,32.08,32.98,12988400
CAJ,26-Oct-2010,45.74,46.01,45.4,45.76,592700
CALX,26-Oct-2010,12.75,12.95,12.67,12.78,200600
CAT,26-Oct-2010,78.11,79.06,77.87,78.65,6246000
CATO,26-Oct-2010,26.99,27.51,26.82,27.2,74700
CB,26-Oct-2010,58.1,58.68,58.05,58.58,2022300
CBB,26-Oct-2010,12.45,12.6,12.35,12.35,512300
CBB-B,26-Oct-2010,41.77,42.57,41.08,41.82,4000
CBD,26-Oct-2010,36.72,37.08,36.54,36.81,778700
CBG,26-Oct-2010,18.67,19.06,18.6,18.9,5028700
CBI,26-Oct-2010,25.41,25.72,24.98,25.14,1152000
CBK,26-Oct-2010,5.95,6.14,5.95,6.01,456900
CBL,26-Oct-2010,16,16.3,15.79,16.18,2157300
CBL-D,26-Oct-2010,23.78,23.78,23.45,23.6,18200
CBM,26-Oct-2010,4.62,4.64,4.42,4.54,80600
CBS,26-Oct-2010,17.08,17.3,16.95,17.08,11297100
CBS.A,26-Oct-2010,17.1,17.3,17,17.08,18200
CBT,26-Oct-2010,34.79,34.98,34.36,34.39,290800
CBU,26-Oct-2010,23.17,23.35,23.07,23.15,250900
CBZ,26-Oct-2010,5.33,5.42,5.33,5.36,928300
CCC,26-Oct-2010,15.67,15.68,15.42,15.5,391100
CCE,26-Oct-2010,24,24.23,23.83,24.18,4916500
CCI,26-Oct-2010,42.39,43.05,41.99,42.74,1730000
CCJ,26-Oct-2010,30.69,31.03,30.41,30.92,1324700
CCK,26-Oct-2010,31.19,31.42,30.91,31.38,867500
CCL,26-Oct-2010,41.71,43.67,41.33,43.08,12889600
CCM,26-Oct-2010,7.22,7.4,7.15,7.36,86400
CCO,26-Oct-2010,11.77,11.8,11.4,11.51,182000
CCS,26-Oct-2010,25.52,25.58,25.45,25.56,46400
CCT,26-Oct-2010,25.62,25.74,25.62,25.74,81300
CCU,26-Oct-2010,23.252,23.324,23.008,23.236,59300
CCZ,26-Oct-2010,33.75,33.75,33.75,33.75,1100
CDE,26-Oct-2010,19.92,20.63,19.77,20.33,2006300
CDR,26-Oct-2010,6.52,6.68,6.5,6.59,172900
CE,26-Oct-2010,34.89,36.48,34.86,35.64,2758900
CEA,26-Oct-2010,33.81,34.58,33.7,33.99,27700
CEE,26-Oct-2010,39.43,41,39.43,40.25,65900
CEL,26-Oct-2010,33.51,33.64,33.4,33.5,213000
CEM,26-Oct-2010,20.69,20.77,20.57,20.69,235300
CEO,26-Oct-2010,206,208.49,205.16,207.35,97500
CF,26-Oct-2010,23.5,24.392,23.286,24.308,1916900
CFC-B,26-Oct-2010,23.4,23.55,23.11,23.43,443300
CFR,26-Oct-2010,52,52.87,51.99,52.46,569300
CFX,26-Oct-2010,15.95,16.12,15.81,15.88,49800
CGA,26-Oct-2010,7.28,7.42,6.81,7.28,1513500
CGI,26-Oct-2010,13.4,13.63,13.29,13.6,159600
CHA,26-Oct-2010,54.01,54.32,53.69,54.23,70700
CHD,26-Oct-2010,16.955,16.955,16.75,16.765,375000
CHE,26-Oct-2010,59.01,60.92,59.01,60.65,178700
CHH,26-Oct-2010,35.74,36.56,35.74,36.22,93700
CHK,26-Oct-2010,21.04,21.3,20.97,21.26,11619500
CHK-D,26-Oct-2010,88.51,91.25,88.35,90.45,12900
CHL,26-Oct-2010,51.84,52.08,51.47,51.96,1299600
CHN,26-Oct-2010,33.95,34.94,33.95,34.5,242300
CHS,26-Oct-2010,10.15,10.43,10.05,10.29,3590900
CHSP,26-Oct-2010,18.52,18.64,18.39,18.52,234300
CHT,26-Oct-2010,23.44,23.45,23.18,23.25,275800
CHU,26-Oct-2010,14.54,14.69,14.49,14.67,728300
CI,26-Oct-2010,36.16,36.38,35.87,36.13,2006000
CIA,26-Oct-2010,7.01,7.15,7.01,7.1,81100
CIB,26-Oct-2010,65.79,66.24,64.71,65.38,322100
CIF,26-Oct-2010,2.99,3.04,2.99,3,72000
CIG,26-Oct-2010,11.1808,11.2768,11.136,11.2,1620400
CIG.C,26-Oct-2010,13.06,13.1,13.05,13.08,3000
CII,26-Oct-2010,14.9,15.1,14.87,15.1,115800
CIM,26-Oct-2010,4.16,4.19,3.98,4.06,49007200
CIR,26-Oct-2010,34.65,35.04,34.29,34.54,67800
CIT,26-Oct-2010,40.96,43.5,40.96,42.85,4587100
CKH,26-Oct-2010,89.69,92.6,89.51,91.94,93300
CL,26-Oct-2010,38.27,38.27,37.845,38.225,3646200
CLB,26-Oct-2010,78.69,79.1,78.22,78.8,573000
CLD,26-Oct-2010,17.01,17.67,16.97,17.4,357300
CLDT,26-Oct-2010,18.78,19.08,18.78,18.98,27500
CLF,26-Oct-2010,64.25,65.05,63.52,64.48,4180900
CLGX,26-Oct-2010,17.98,18.08,17.93,18,425400
CLH,26-Oct-2010,34.96,35.655,34.96,35.04,291200
CLI,26-Oct-2010,34.07,34.11,33.52,33.54,497500
CLR,26-Oct-2010,23.3,23.455,23.09,23.355,344400
CLS,26-Oct-2010,8.58,8.99,8.56,8.98,1012700
CLW,26-Oct-2010,41.345,41.78,40.865,41.015,54000
CLX,26-Oct-2010,67.28,67.28,66.21,66.75,1532900
CM,26-Oct-2010,75.95,76.02,74.97,75.46,185300
CMA,26-Oct-2010,35.09,36.1,35.02,35.5,3941200
CMA.W,26-Oct-2010,12.05,12.48,11.93,12.18,17200
CMC,26-Oct-2010,14.3,14.33,14.02,14.04,1740100
CMG,26-Oct-2010,205,215.38,204.6,212.86,1653200
CMI,26-Oct-2010,87.41,91.56,87,89,10456800
CMO,26-Oct-2010,11,11.04,11,11.03,352500
CMP,26-Oct-2010,77.65,80.23,77.65,79.31,287000
CMS,26-Oct-2010,18.57,18.57,18.22,18.33,5702700
CMS-B,26-Oct-2010,79.95,79.95,79.95,79.95,100
CMU,26-Oct-2010,4.75,4.8,4.75,4.8,23300
CNA,26-Oct-2010,27.76,28.21,27.76,28.11,198600
CNC,26-Oct-2010,11.845,11.845,11.18,11.405,1356300
CNI,26-Oct-2010,33.195,33.55,33.145,33.285,1358300
CNK,26-Oct-2010,17.24,17.64,17.16,17.35,388800
CNO,26-Oct-2010,5.49,5.55,5.45,5.55,1123400
CNP,26-Oct-2010,16.37,16.56,16.35,16.42,3866400
CNQ,26-Oct-2010,35.62,35.71,35.33,35.54,2551700
CNS,26-Oct-2010,25,25.39,24.85,25.01,102500
CNX,26-Oct-2010,38.22,38.92,38,38.84,2489300
CO,26-Oct-2010,5.59,5.65,5.58,5.61,15100
COF,26-Oct-2010,38.14,38.41,37.62,37.77,5813500
COF.W,26-Oct-2010,13.19,13.27,12.89,12.89,13200
COG,26-Oct-2010,7.625,7.625,7.125,7.165,4255800
COL,26-Oct-2010,60.94,61.23,60.51,61.17,779000
COO,26-Oct-2010,50,50.27,49.57,49.6,299000
COP,26-Oct-2010,60.87,61.62,60.75,61.37,10885400
COR,26-Oct-2010,14.87,15.03,14.81,14.89,173000
COT,26-Oct-2010,7.98,8.28,7.95,8.14,860100
CP,26-Oct-2010,64.95,65.92,64.83,65.33,468900
CPA,26-Oct-2010,47.95,48.56,47.8,48.19,198700
CPB,26-Oct-2010,36.24,36.34,36.09,36.32,2159700
CPE,26-Oct-2010,5.04,5.24,4.96,5.23,487400
CPF,26-Oct-2010,30.8,30.8,29.4,30.2,111900
CPK,26-Oct-2010,24.1933,24.5533,24,24.3533,32600
CPL,26-Oct-2010,23.82,24.25,23.79,24.1,108000
CPN,26-Oct-2010,12.2,12.34,12.12,12.24,1862500
CPT,26-Oct-2010,51.15,51.44,50.8,50.82,402700
CR,26-Oct-2010,38.55,39.81,36.76,38.05,1577800
CRD.A,26-Oct-2010,2.23,2.23,2.15,2.18,8000
CRD.B,26-Oct-2010,2.74,2.76,2.7,2.72,19500
CRH,26-Oct-2010,17.24,17.47,17.19,17.33,737300
CRI,26-Oct-2010,25.44,25.89,25.25,25.46,1536800
CRK,26-Oct-2010,112.8,113.55,107.55,107.8,1083900
CRL,26-Oct-2010,32.61,32.97,32.3,32.76,884100
CRM,26-Oct-2010,27.9175,28.195,27.5825,27.965,2049800
CRR,26-Oct-2010,85.01,85.83,84.28,84.37,125100
CRS,26-Oct-2010,36.89,37.32,35.34,36.61,602200
CRT,26-Oct-2010,38.21,38.64,37.8,38.55,29700
CRY,26-Oct-2010,6.39,6.61,6.37,6.47,70200
CS,26-Oct-2010,41.22,41.45,41.11,41.43,1386000
CSL,26-Oct-2010,34.43,34.59,33.68,34.4,553900
CSS,26-Oct-2010,16.12,16.37,16,16.09,38000
CSU,26-Oct-2010,6.03,6.34,6.03,6.2,49200
CSV,26-Oct-2010,5.2,5.26,5.08,5.21,93800
CTB,26-Oct-2010,20.2,20.74,20.02,20.49,484500
CTL,26-Oct-2010,40.84,41.18,40.72,41.04,2180000
CTS,26-Oct-2010,10.3,10.48,10.29,10.3,198500
CTV,26-Oct-2010,30.04,30.25,29.9,30.22,15673700
CUB,26-Oct-2010,43.12,43.99,42.88,42.98,63300
CUK,26-Oct-2010,42.62,44.71,42.52,44.06,410600
CUZ,26-Oct-2010,7.44,7.48,7.33,7.44,425900
CVA,26-Oct-2010,15.98,16.06,15.79,15.8,846200
CVE,26-Oct-2010,28.32,28.88,28.29,28.74,743900
CVG,26-Oct-2010,11.66,11.67,11.42,11.42,642400
CVI,26-Oct-2010,9.55,9.75,9.44,9.7,303700
CVS,26-Oct-2010,31.1,31.25,30.57,30.77,11680400
CVX,26-Oct-2010,84.65,85.24,84.49,85.15,5978100
CW,26-Oct-2010,32.27,32.84,32.1,32.59,81500
CWH,26-Oct-2010,25.34,25.54,25.25,25.37,518600
CWT,26-Oct-2010,18.765,19.005,18.655,18.88,93300
CX,26-Oct-2010,8.27,8.92,8.25,8.72,39392300
CXE,26-Oct-2010,5.17,5.27,5.17,5.23,101300
CXH,26-Oct-2010,9.84,9.89,9.84,9.87,5100
CXO,26-Oct-2010,67.76,69.55,67.76,68.44,730500
CXW,26-Oct-2010,26.06,26.69,26.02,26.19,611400
CYD,26-Oct-2010,24.56,25.7,23.84,25.5,817000
CYH,26-Oct-2010,30.39,31.16,30.11,30.78,1731400
CYS,26-Oct-2010,13.28,13.28,13.16,13.2,557700
CZZ,26-Oct-2010,12.68,12.94,12.6,12.81,789500
D,26-Oct-2010,44.14,44.32,43.68,44.04,3244400
DAC,26-Oct-2010,4.5,4.6,4.46,4.55,32100
DAL,26-Oct-2010,13.32,13.64,13.13,13.33,8190700
DAN,26-Oct-2010,13.64,14,13.48,13.89,2466000
DAR,26-Oct-2010,9.85,10.07,9.84,10.02,190800
DB,26-Oct-2010,56.72,57.49,56.44,57.45,1586100
DBD,26-Oct-2010,32.35,32.46,32,32.03,370600
DCI,26-Oct-2010,24.75,24.9,24.45,24.46,260500
DCM,26-Oct-2010,16.52,16.6,16.48,16.49,119400
DCO,26-Oct-2010,22.43,22.58,22.21,22.33,26500
DCT,26-Oct-2010,20.08,20.12,19.44,19.48,4115300
DD-A,26-Oct-2010,72.38,72.49,72.38,72.49,500
DD-B,26-Oct-2010,91.75,91.8,91.15,91.34,3300
DDD,26-Oct-2010,6.12,6.9267,6.12,6.7533,206900
DDE,26-Oct-2010,3.41,3.45,3.39,3.42,36600
DDF,26-Oct-2010,7.86,7.88,7.75,7.86,29200
DDR,26-Oct-2010,13.07,13.59,12.83,13.48,2388500
DDS,26-Oct-2010,27.13,27.8,27,27.46,658900
DDT,26-Oct-2010,23.47,23.6,23.2,23.3,19900
DE,26-Oct-2010,76.89,77.44,76.25,76.42,2752300
DECK,26-Oct-2010,53.37,56,52.81,55.73,1643000
DEI,26-Oct-2010,18.24,18.29,18.01,18.12,656700
DEL,26-Oct-2010,48.01,48.61,47.11,47.44,12200
DEO,26-Oct-2010,74.5,74.58,73.71,74.02,1138500
DEX,26-Oct-2010,12.57,12.59,12.44,12.55,31300
DF,26-Oct-2010,19.94,19.94,19.52,19.72,3341300
DFP,26-Oct-2010,23.49,23.53,23.17,23.35,17000
DFS,26-Oct-2010,17.43,17.67,17.38,17.66,2856100
DG,26-Oct-2010,28.43,28.47,28,28.32,472600
DGX,26-Oct-2010,49.29,49.82,49.17,49.54,2128900
DHF,26-Oct-2010,4.56,4.6,4.56,4.6,264200
DHG,26-Oct-2010,14.7,14.79,14.7,14.75,81400
DHI,26-Oct-2010,10.59,10.71,10.49,10.54,4750200
DHR,26-Oct-2010,42.61,43.09,42.49,42.97,2868400
DHT,26-Oct-2010,48.84,49.68,48.84,49.44,145300
DHX,26-Oct-2010,9.22,9.25,9.12,9.13,36400
DIN,26-Oct-2010,47.18,47.24,45.69,45.84,318700
DIS,26-Oct-2010,35.13,35.97,34.99,35.96,14810300
DK,26-Oct-2010,7.28,7.38,7.19,7.31,52000
DKS,26-Oct-2010,28.99,29.52,28.64,29.26,676000
DKT,26-Oct-2010,26.56,26.84,26.56,26.67,87300
DL,26-Oct-2010,5.1,5.13,4.95,5.13,3800
DLB,26-Oct-2010,62.5,62.62,61.56,61.86,453500
DLR,26-Oct-2010,58.83,59.12,58.59,58.85,747800
DLX,26-Oct-2010,20.76,21.35,20.76,21.01,339600
DM,26-Oct-2010,10.66,10.81,10.6,10.77,164900
DMO,26-Oct-2010,21.12,21.12,20.58,20.71,45200
DNB,26-Oct-2010,74.92,75.58,74.61,75.18,186100
DNP,26-Oct-2010,10.01,10.08,9.99,10.08,222900
DNR,26-Oct-2010,17,17.08,16.71,16.79,2751100
DO,26-Oct-2010,68.93,69.29,68.46,68.77,2069600
DOV,26-Oct-2010,52.95,53.44,52.67,53.17,1353700
DPS,26-Oct-2010,35.9,36.06,35.62,35.69,2008900
DPZ,26-Oct-2010,15.26,15.59,15.12,15.36,771700
DQ,26-Oct-2010,70,70,65.8,66.25,543100
DRE,26-Oct-2010,12.29,12.3,12.06,12.06,1609600
DRH,26-Oct-2010,10.45,10.66,10.3,10.61,1364100
DRI,26-Oct-2010,46.56,46.81,46.23,46.41,1370000
DRQ,26-Oct-2010,67.34,68.66,67.05,67.71,198700
DSM,26-Oct-2010,8.26,8.29,8.23,8.28,88800
DST,26-Oct-2010,23.01,23.28,22.87,23.185,223400
DSU,26-Oct-2010,12,12.03,11.94,11.94,253400
DSW,26-Oct-2010,16.345,16.74,16.195,16.545,228100
DSX,26-Oct-2010,13.53,13.65,13.47,13.57,348200
DTE,26-Oct-2010,46.65,47.1,46.58,47.05,843600
DTF,26-Oct-2010,16.29,16.5,16.29,16.34,4900
DTK,26-Oct-2010,26.03,26.26,26,26.14,284400
DUC,26-Oct-2010,12.53,12.53,12.33,12.33,88300
DUK,26-Oct-2010,53.25,53.61,52.95,53.58,6186800
DVA,26-Oct-2010,35.695,35.8,35.425,35.645,735400
DVD,26-Oct-2010,1.75,1.79,1.73,1.78,4400
DVN,26-Oct-2010,64.65,65.07,64.3,64.59,3022500
DX,26-Oct-2010,10.7,10.76,10.68,10.71,110100
DXB,26-Oct-2010,24.9,24.95,24.77,24.86,114000
DY,26-Oct-2010,11.27,11.27,10.87,10.9,409600
DYN,26-Oct-2010,4.76,4.78,4.73,4.75,2949800
E,26-Oct-2010,44.39,44.64,44.24,44.42,859600
EAT,26-Oct-2010,19.6,20.34,19.55,20.11,2421600
EBF,26-Oct-2010,18.9,18.96,18.44,18.54,126600
EBR,26-Oct-2010,13.82,14.6,13.8,14.44,1373800
EBR.B,26-Oct-2010,16.13,17,16.08,16.91,171000
EBS,26-Oct-2010,18.31,18.52,18.25,18.3,150100
EC,26-Oct-2010,48.09,48.09,46.36,47.91,468200
ECA,26-Oct-2010,27.64,27.68,27.45,27.67,3250300
ECL,26-Oct-2010,51.86,51.86,48.65,49.29,4541800
ECT,26-Oct-2010,22.6,23.11,22.41,22.88,122900
ED,26-Oct-2010,49.01,49.47,48.81,49.46,1905100
EDD,26-Oct-2010,17.18,17.31,17.11,17.18,179300
EDN,26-Oct-2010,9.1,9.7,9.1,9.64,133600
EDR,26-Oct-2010,23.22,23.55,22.83,22.86,475500
EDU,26-Oct-2010,25.3625,26.1625,25.3625,26.0475,587300
EE,26-Oct-2010,24.12,24.42,24.07,24.24,163800
EEA,26-Oct-2010,7.34,7.4,7.34,7.4,11200
EEP,26-Oct-2010,30.415,30.73,30.3,30.705,150200
EEQ,26-Oct-2010,29.105,29.41,29.105,29.325,21700
EFC,26-Oct-2010,21.75,21.98,21.73,21.95,60800
EFR,26-Oct-2010,15.68,15.7,15.6,15.66,82600
EFT,26-Oct-2010,15.98,16.02,15.86,15.96,115300
EFX,26-Oct-2010,32.9,33.06,32.68,33.05,703600
EGF,26-Oct-2010,16.65,16.72,16.61,16.7,34100
EGN,26-Oct-2010,45.37,45.68,45.18,45.59,330800
EGO,26-Oct-2010,17.09,17.34,16.95,17.17,3681400
EGP,26-Oct-2010,41.53,41.54,41.15,41.23,205500
EGY,26-Oct-2010,5.99,5.99,5.8,5.8,165000
EHI,26-Oct-2010,13.38,13.4,13.27,13.32,118000
EIG,26-Oct-2010,16.26,16.54,16.26,16.42,82500
EIX,26-Oct-2010,35.97,36.1,35.84,35.96,2877400
EL,26-Oct-2010,32.585,32.68,32.245,32.405,1203400
ELP,26-Oct-2010,23.26,23.65,23.21,23.61,380700
ELS,26-Oct-2010,28.735,28.895,28.53,28.555,148800
ELY,26-Oct-2010,7.24,7.31,6.91,6.99,1542800
EMD,26-Oct-2010,13.9,13.97,13.83,13.94,186700
EME,26-Oct-2010,26.89,27.22,26.7,26.87,474700
EMF,26-Oct-2010,22.95,23.45,22.94,23.4,131600
EMN,26-Oct-2010,41.045,41.185,40.625,40.75,1327700
EMR,26-Oct-2010,54.82,55.13,54.27,54.79,2689500
ENB,26-Oct-2010,27.145,27.44,27.01,27.22,224900
ENR,26-Oct-2010,73.93,74.77,73.35,73.88,771900
ENS,26-Oct-2010,26.63,26.99,26.42,26.67,271200
ENV,26-Oct-2010,12.43,12.81,12.24,12.79,83300
ENZ,26-Oct-2010,4.27,4.29,4.16,4.19,67700
EOD,26-Oct-2010,10.31,10.35,10.2,10.27,186500
EOG,26-Oct-2010,48.43,48.84,47.59,47.875,2012400
EOI,26-Oct-2010,13.05,13.15,13.03,13.12,182300
EOS,26-Oct-2010,13.1,13.14,13.06,13.1,175000
EOT,26-Oct-2010,21.57,21.85,21.51,21.67,78700
EP-C,26-Oct-2010,39.78,40,39.51,39.51,7300
EPD,26-Oct-2010,21.05,21.395,20.93,21.315,1383300
EPE,26-Oct-2010,62.2,63.38,61.82,63.08,111000
EPR,26-Oct-2010,47.35,47.72,47.27,47.37,190500
EPR-C,26-Oct-2010,19.93,19.93,19.9,19.9,3800
EPR-E,26-Oct-2010,28.9,28.9,28.9,28.9,300
EQR,26-Oct-2010,50.22,50.57,49.96,50.15,2507000
EQS,26-Oct-2010,2.28,2.28,2.27,2.27,300
EQT,26-Oct-2010,37.31,37.31,36.98,37.16,853200
ERF,26-Oct-2010,27.08,27.5,27,27.4,746900
ERJ,26-Oct-2010,27.96,28.7,27.83,28.51,455000
ES,26-Oct-2010,4.93,4.95,4.82,4.85,1145000
ESE,26-Oct-2010,34.54,35,34.16,34.6,60000
ESL,26-Oct-2010,59.79,60.99,59.35,60.38,86900
ESS,26-Oct-2010,115.39,115.74,114.4,114.77,242700
ESV,26-Oct-2010,46.18,47.31,46,47.13,1390300
ETB,26-Oct-2010,15.25,15.3,15.18,15.25,96500
ETE,26-Oct-2010,19.4,19.57,19.36,19.525,153100
ETG,26-Oct-2010,14.22,14.34,14.21,14.34,212500
ETH,26-Oct-2010,15.44,15.91,15.29,15.66,291700
ETJ,26-Oct-2010,13.34,13.34,13.18,13.2,491800
ETM,26-Oct-2010,8.44,8.68,8.34,8.45,127900
ETN,26-Oct-2010,43.825,43.895,43.355,43.765,1245100
ETO,26-Oct-2010,20.32,20.33,20.12,20.33,57600
ETP,26-Oct-2010,50.44,50.58,50.26,50.58,503400
ETR,26-Oct-2010,73.61,74.34,73.28,74.1,1685300
ETV,26-Oct-2010,13.44,13.54,13.4,13.47,168400
ETW,26-Oct-2010,12.53,12.62,12.49,12.54,335500
ETY,26-Oct-2010,11.65,11.71,11.62,11.64,641700
EV,26-Oct-2010,29.49,29.95,29.45,29.75,652600
EVC,26-Oct-2010,2.27,2.37,2.21,2.28,100400
EVF,26-Oct-2010,6.99,7.01,6.95,7,35900
EVG,26-Oct-2010,17.59,17.61,17.52,17.59,83300
EVN,26-Oct-2010,12.71,12.8,12.68,12.7,77000
EVR,26-Oct-2010,29.07,29.88,29.01,29.54,123400
EVT,26-Oct-2010,16.24,16.38,16.19,16.38,160400
EW,26-Oct-2010,32.335,32.925,31.7,32.21,898400
EXC,26-Oct-2010,41.26,41.46,41.03,41.1,5558700
EXD,26-Oct-2010,19.39,19.39,19.25,19.35,51700
EXG,26-Oct-2010,11.05,11.12,11.01,11.06,871100
EXP,26-Oct-2010,23.8,24.32,23.79,24.15,204700
EXPR,26-Oct-2010,14.26,14.49,13.85,14.2,228700
EXR,26-Oct-2010,16.1,16.42,15.95,16.15,571800
F,26-Oct-2010,13.97,14.47,13.77,14.36,214814300
FAC,26-Oct-2010,1.8,1.8,1.72,1.72,5500
FAF,26-Oct-2010,14.48,14.57,14.27,14.41,384800
FAM,26-Oct-2010,18.11,18.11,17.76,17.88,213900
FBC,26-Oct-2010,23.9,24.2,23.5,23.6,367800
FBP,26-Oct-2010,4.5,4.5,4.35,4.35,1143900
FBR,26-Oct-2010,17.02,17.89,16.96,17.73,2472700
FC,26-Oct-2010,8.39,8.45,8.28,8.31,10400
FCE.A,26-Oct-2010,14.54,14.77,14.47,14.63,1143400
FCF,26-Oct-2010,5.44,5.59,5.44,5.54,306500
FCN,26-Oct-2010,36.06,36.65,35.86,36.14,326500
FCT,26-Oct-2010,13.25,13.26,13.2,13.21,83500
FCX,26-Oct-2010,47.49,49.21,47.25,49.14,10518000
FDP,26-Oct-2010,21.84,22.22,21.78,21.96,174500
FDS,26-Oct-2010,87.92,88.69,87.21,87.94,193200
FDX,26-Oct-2010,88.97,90.3,88.25,89.64,1763200
FE,26-Oct-2010,36.99,37.1,35.88,36.45,13955500
FEO,26-Oct-2010,22.3,22.34,22.14,22.17,58500
FFA,26-Oct-2010,11.76,11.84,11.74,11.82,59900
FFC,26-Oct-2010,16.77,16.9,16.75,16.84,96800
FFG,26-Oct-2010,26.26,26.88,26.22,26.51,24100
FGB,26-Oct-2010,7.32,7.45,7.32,7.45,16700
FGP,26-Oct-2010,26.18,26.24,26.04,26.14,100500
FHN,26-Oct-2010,9.74,9.89,9.69,9.73,2654100
FHY,26-Oct-2010,14.28,14.46,14.25,14.43,34100
FICO,26-Oct-2010,24.36,24.9,24.21,24.45,138800
FIG,26-Oct-2010,4.37,4.38,4.26,4.32,692400
FII,26-Oct-2010,24.07,24.23,24.02,24.07,856700
FIS,26-Oct-2010,28.68,28.8,27.93,28.22,3356300
FIX,26-Oct-2010,11.35,11.48,11.22,11.41,101100
FL,26-Oct-2010,15.79,16.04,15.54,15.84,2627900
FLC,26-Oct-2010,17.64,17.79,17.61,17.76,20700
FLO,26-Oct-2010,10.9422,10.9645,10.8578,10.9333,296300
FLR,26-Oct-2010,49.35,50.21,49.25,49.92,1633900
FLS,26-Oct-2010,38.55,38.7767,37.9933,38.4,553500
FLY,26-Oct-2010,13.32,13.67,13.11,13.45,35400
FMC,26-Oct-2010,35.375,35.46,34.84,35.425,545300
FMN,26-Oct-2010,15.13,15.13,14.98,15.05,19500
FMO,26-Oct-2010,19.48,19.48,19.27,19.35,117600
FMS,26-Oct-2010,31.445,31.55,31.36,31.395,51200
FMX,26-Oct-2010,53.23,53.42,52.87,53.13,656600
FMY,26-Oct-2010,20.3,20.3,20.18,20.23,61900
FN,26-Oct-2010,16.35,16.35,15.83,15.98,84300
FNB,26-Oct-2010,8.6,8.67,8.49,8.57,759700
FNF,26-Oct-2010,13.06,13.5,13.05,13.46,3760700
FOE,26-Oct-2010,13.05,14.36,12.9,13.81,3657800
FOF,26-Oct-2010,12.93,13.06,12.84,13.04,45400
FOR,26-Oct-2010,17.39,17.49,17.15,17.26,66600
FR,26-Oct-2010,7.11,7.42,6.52,6.62,4170100
FRA,26-Oct-2010,15.15,15.15,15.03,15.07,165400
FRO,26-Oct-2010,132.75,136.55,132.75,135.8,1505000
FRT,26-Oct-2010,84.02,84.02,83.15,83.27,559700
FSD,26-Oct-2010,20.09,20.15,20.05,20.12,44000
FSS,26-Oct-2010,5.68,5.8,5.65,5.75,231900
FT,26-Oct-2010,6.56,6.58,6.51,6.58,47600
FTI,26-Oct-2010,35.91,36.755,35.775,36.085,894600
FTK,26-Oct-2010,1.76,1.81,1.74,1.79,166900
FUL,26-Oct-2010,20.54,21.1,20.4,20.98,284000
FUN,26-Oct-2010,14.2,14.65,14.13,14.54,175700
G,26-Oct-2010,16.22,16.84,16.1,16.33,932200
GAB,26-Oct-2010,5.27,5.3,5.23,5.28,268700
GAB-D,26-Oct-2010,25.21,25.3,25.21,25.27,2200
GAM,26-Oct-2010,24.85,24.99,24.77,24.9,63700
GAM-B,26-Oct-2010,25.31,25.32,25.06,25.07,17700
GBL,26-Oct-2010,42.63,42.98,42.6,42.85,5800
GBX,26-Oct-2010,18.74,19.21,18.5,19,181100
GCH,26-Oct-2010,13.24,13.27,13.12,13.23,24000
GCI,26-Oct-2010,12.07,12.4,12.05,12.28,3946800
GCO,26-Oct-2010,32.36,33.53,32.16,33.38,145100
GCV,26-Oct-2010,5.9,5.97,5.88,5.93,51800
GCV-B,26-Oct-2010,25.32,25.49,25.28,25.49,2700
GD,26-Oct-2010,63.83,64.43,63.43,64.09,2025400
GDI,26-Oct-2010,59.04,59.52,58.61,58.88,307900
GDL,26-Oct-2010,14.04,14.13,13.96,14.11,77400
GDO,26-Oct-2010,19,19.16,18.92,18.97,129600
GDOT,26-Oct-2010,50.27,51.19,49.48,49.87,83400
GDV,26-Oct-2010,14.54,14.64,14.46,14.59,227600
GDV-A,26-Oct-2010,25.28,25.28,25.15,25.15,5200
GDV-D,26-Oct-2010,25.82,26.07,25.7,25.8,3400
GE,26-Oct-2010,16.06,16.32,16.03,16.16,49392600
GEF,26-Oct-2010,58.67,58.67,57.98,58.19,172400
GEF.B,26-Oct-2010,58.01,58.01,57.52,57.52,2100
GEL,26-Oct-2010,25.4,25.66,25.25,25.36,168100
GEO,26-Oct-2010,17.1333,17.34,17.0733,17.1067,409300
GER,26-Oct-2010,25.5,25.65,25.49,25.51,57100
GES,26-Oct-2010,41.55,42.11,40.87,41.63,1172600
GF,26-Oct-2010,15.67,15.8,15.64,15.74,15600
GFA,26-Oct-2010,16.16,16.29,16,16.17,1974400
GFF,26-Oct-2010,12.42,12.7,12.35,12.5,93900
GFI,26-Oct-2010,15.24,15.42,15.13,15.33,3613700
GFY,26-Oct-2010,16.1,16.1,16.01,16.01,10400
GG,26-Oct-2010,42.35,43,42.21,42.52,4694600
GGB,26-Oct-2010,12.14,12.44,11.85,12.44,7617000
GGG,26-Oct-2010,35.11,35.3,34.7,34.84,330800
GGP,26-Oct-2010,16.96,17.04,16.83,16.94,1101100
GGT,26-Oct-2010,8.01,8.09,8,8.07,11000
GGT-B,26-Oct-2010,25.35,25.35,25.35,25.35,100
GHL,26-Oct-2010,75.55,76.27,75.35,75.51,240400
GIB,26-Oct-2010,15.48,15.55,15.17,15.25,225800
GIL,26-Oct-2010,13.99,14.17,13.945,14.07,393600
GIM,26-Oct-2010,10.6,10.72,10.6,10.7,296100
GIS,26-Oct-2010,37.6,37.6,37.17,37.39,2442600
GJH,26-Oct-2010,9.2,9.29,8.93,9.29,5700
GJO,26-Oct-2010,18.85,18.85,18.47,18.53,1100
GJP,26-Oct-2010,22.85,23.19,22.84,22.89,2700
GJR,26-Oct-2010,20.19,20.19,20.19,20.19,0
GJS,26-Oct-2010,16.37,16.59,16.27,16.44,8200
GJT,26-Oct-2010,17.4,17.6,17.4,17.6,600
GJV,26-Oct-2010,25.25,25.25,25.08,25.22,7200
GLP,26-Oct-2010,26.25,26.97,26.25,26.77,49000
GLT,26-Oct-2010,12.4,12.53,12.31,12.32,173800
GLW,26-Oct-2010,18.57,18.57,18.26,18.46,9452900
GME,26-Oct-2010,19.14,19.48,19,19.4,2206700
GNK,26-Oct-2010,163.3,165.7,161.9,163,503500
GNRC,26-Oct-2010,13.87,14.01,13.71,13.8,43700
GNW,26-Oct-2010,13.4,13.5,13.26,13.44,4379400
GOF,26-Oct-2010,20.7,20.75,20.52,20.64,69100
GOL,26-Oct-2010,84.8,88.5,84.3,87.8,973600
GPC,26-Oct-2010,47.55,47.82,47.31,47.46,608100
GPI,26-Oct-2010,32.33,36,31.37,35.08,1194700
GPK,26-Oct-2010,3.45,3.54,3.42,3.44,140300
GPM,26-Oct-2010,8.95,8.95,8.92,8.95,124500
GPN,26-Oct-2010,19.81,20.035,19.6,19.93,840400
GPS,26-Oct-2010,19.3,19.75,19.18,19.68,8134700
GPX,26-Oct-2010,8.64,8.89,8.64,8.87,25800
GRA,26-Oct-2010,31.8,32.4,31.64,32.14,591000
GRR,26-Oct-2010,21.73,22.22,21.73,21.98,4100
GRX,26-Oct-2010,6.52,6.57,6.5,6.52,22500
GRX-A,26-Oct-2010,25.35,25.54,25.35,25.37,14800
GS,26-Oct-2010,156.72,158.73,156.53,158.29,4075400
GS-A,26-Oct-2010,21.51,21.86,21.51,21.85,72000
GS-B,26-Oct-2010,24.94,24.94,24.73,24.82,110600
GS-C,26-Oct-2010,22.53,22.54,22.43,22.43,24200
GS-D,26-Oct-2010,21.77,22.07,21.77,22.05,175400
GSH,26-Oct-2010,20.02,20.18,20,20.13,40900
GSK,26-Oct-2010,40.54,40.56,40.05,40.17,1821600
GSL,26-Oct-2010,3.88,4.25,3.85,4.17,527000
GTN,26-Oct-2010,1.99,2.05,1.94,2,203500
GTN.A,26-Oct-2010,1.85,1.9,1.77,1.82,600
GTS,26-Oct-2010,16.85,17.15,16.75,16.91,83400
GTY,26-Oct-2010,29.73,29.9,29.65,29.7,147600
GUT,26-Oct-2010,6.55,6.56,6.5,6.53,67700
GUT-A,26-Oct-2010,25.3,25.35,25.29,25.29,1800
GVA,26-Oct-2010,23.99,24.7,23.6,24.02,452800
GWR,26-Oct-2010,45.48,46.27,45.31,46.12,153700
GWW,26-Oct-2010,121.92,123.03,121.11,121.76,549700
GXP,26-Oct-2010,18.73,18.93,18.68,18.82,1455900
GYB,26-Oct-2010,18.81,19,18.79,18.85,22000
GYC,26-Oct-2010,21.89,22.29,21.69,22.29,6200
H,26-Oct-2010,40.9,41.49,40.59,41.25,152800
HAE,26-Oct-2010,27.125,27.685,27.055,27.61,226200
HAL,26-Oct-2010,34.12,35.22,33.97,34.79,11876500
HBI,26-Oct-2010,6.79,6.95,6.715,6.785,1347800
HBM,26-Oct-2010,15.9,16.16,15.75,15.99,27200
HCC,26-Oct-2010,26.63,26.95,26.58,26.67,432000
HCN,26-Oct-2010,51,51.17,50.64,51.17,1149200
HCP,26-Oct-2010,36.81,37.11,36.68,36.89,2638900
HD,26-Oct-2010,31.27,31.51,31,31.29,9280700
HDB,26-Oct-2010,34.384,34.732,34.002,34.604,230800
HE,26-Oct-2010,22.03,22.31,22,22.27,730900
HE-U,26-Oct-2010,25.3,25.3,25.3,25.3,0
HEI,26-Oct-2010,20.0254,20.693,19.882,20.5824,95400
HEI.A,26-Oct-2010,18.5293,19.0618,18.432,19.0515,22200
HEP,26-Oct-2010,25.225,25.245,24.875,25.125,40700
HES,26-Oct-2010,62.09,62.84,61.43,62.51,3280100
HF,26-Oct-2010,10.08,10.08,9.97,10.01,43600
HFC,26-Oct-2010,16.635,16.83,16.465,16.715,494200
HGT,26-Oct-2010,19.89,20.01,19.81,19.88,209400
HHS,26-Oct-2010,12.75,13,12.71,12.74,146300
HI,26-Oct-2010,21.96,21.96,21.67,21.8,105300
HIG,26-Oct-2010,24.57,25.06,24.36,24.99,6333200
HIG.W,26-Oct-2010,15.98,16.4,15.84,16.4,62000
HIL,26-Oct-2010,5.38,5.67,5.31,5.62,94100
HIO,26-Oct-2010,6.22,6.25,6.22,6.24,191600
HIW,26-Oct-2010,34.87,34.99,34.47,34.56,692500
HIX,26-Oct-2010,9.93,9.98,9.91,9.97,194400
HJV,26-Oct-2010,23.66,24.3,23.66,24.3,7800
HK,26-Oct-2010,17.2,17.33,16.63,16.68,7990200
HL,26-Oct-2010,6.77,6.94,6.63,6.9,7418200
HL-B,26-Oct-2010,53.78,53.78,53.78,53.78,0
HLF,26-Oct-2010,31.64,31.87,31.3,31.48,396800
HLS,26-Oct-2010,18.13,18.29,18.1,18.16,484100
HLX,26-Oct-2010,12.34,12.88,12.28,12.79,1224900
HMC,26-Oct-2010,35.74,36.09,35.65,35.99,663300
HMN,26-Oct-2010,19.2,19.44,19.12,19.25,204900
HMY,26-Oct-2010,11.02,11.47,10.96,11.27,2737100
HNI,26-Oct-2010,26.06,26.52,25.7,25.75,219800
HNP,26-Oct-2010,23.25,23.3,23.09,23.22,154600
HOG,26-Oct-2010,31.18,31.77,31.01,31.47,1285800
HON,26-Oct-2010,47.42,47.45,46.89,47.28,3981600
HOS,26-Oct-2010,20.8,21.65,20.8,21.52,486300
HOV,26-Oct-2010,3.61,3.67,3.6,3.65,989100
HP,26-Oct-2010,41.21,41.61,40.65,41.49,2032300
HPF,26-Oct-2010,19.7,19.7,19.59,19.66,53300
HPI,26-Oct-2010,19.83,19.85,19.73,19.82,101800
HPP,26-Oct-2010,16.01,16.18,15.97,16.02,55200
HPQ,26-Oct-2010,19.2591,19.5727,19.1636,19.5227,14494400
HPS,26-Oct-2010,17.03,17.08,17.03,17.07,37000
HQH,26-Oct-2010,12.36,12.36,12.24,12.28,53600
HQL,26-Oct-2010,9.92,9.92,9.85,9.89,32500
HR,26-Oct-2010,23.79,23.95,23.56,23.87,216400
HRB,26-Oct-2010,10.82,11.28,10.71,11.22,11393200
HRC,26-Oct-2010,36.77,37.2,36.4,37,283400
HRG,26-Oct-2010,5.35,5.35,5.17,5.25,23900
HRL,26-Oct-2010,11.265,11.2925,11.2375,11.275,382700
HRS,26-Oct-2010,45.49,46.3,45.49,45.83,1880600
HSC,26-Oct-2010,24.38,24.38,23.54,23.58,727200
HST,26-Oct-2010,16.04,16.23,15.97,16.1,7524000
HSY,26-Oct-2010,49.43,49.76,49.12,49.41,1010200
HT,26-Oct-2010,6.04,6.15,6,6.14,1659700
HTD,26-Oct-2010,15.47,15.49,15.4,15.49,80600
HTH,26-Oct-2010,10,10.15,10,10.1,671000
HTY,26-Oct-2010,13.34,13.45,13.25,13.37,23600
HTZ,26-Oct-2010,43.92,46.24,43.6,45.56,7757700
HUM,26-Oct-2010,57.13,57.53,56.84,57.21,1432700
HUN,26-Oct-2010,13.79,14.15,13.6,14.04,5904300
HVT,26-Oct-2010,10.94,11.16,10.94,11.01,48800
HVT.A,26-Oct-2010,11,11,11,11,0
HXL,26-Oct-2010,18.93,18.96,17.73,18.09,2130800
HYB,26-Oct-2010,10.64,10.64,10.57,10.62,55100
HYH,26-Oct-2010,23.85,24.15,23.8,23.82,2600
HYT,26-Oct-2010,11.33,11.41,11.33,11.34,206700
HZO,26-Oct-2010,7.4,7.74,7.38,7.64,47400
IAE,26-Oct-2010,19.02,19.24,19,19.18,62900
IAG,26-Oct-2010,17.6,18.02,17.46,18,2510800
IBA,26-Oct-2010,20.99,20.99,20.6,20.6,900
IBM,26-Oct-2010,139.29,142,138.53,140.67,7328100
IBN,26-Oct-2010,9.3091,9.3364,9.2164,9.2982,1669800
ICB,26-Oct-2010,18.19,18.19,17.66,17.88,26600
ICE,26-Oct-2010,22.692,22.884,22.144,22.634,1031400
IDA,26-Oct-2010,36.71,36.94,36.39,36.73,204000
IDE,26-Oct-2010,19.19,19.19,18.89,18.99,133900
IDT,26-Oct-2010,14.73,15.94,14.65,15.73,387200
IEX,26-Oct-2010,36.49,36.68,36.17,36.25,301400
IFF,26-Oct-2010,49.63,50.47,49.47,50.26,408400
IFN,26-Oct-2010,38.7,39,38.63,38.9,241100
IGA,26-Oct-2010,13.57,13.69,13.52,13.55,99600
IGD,26-Oct-2010,11.64,11.69,11.56,11.66,275700
IGI,26-Oct-2010,21.43,21.52,21.02,21.07,141900
IGR,26-Oct-2010,7.54,7.59,7.53,7.59,383600
IGT,26-Oct-2010,15.08,15.52,15.01,15.31,3794700
IHC,26-Oct-2010,8.68,8.68,8.68,8.68,0
IHG,26-Oct-2010,23.244,23.376,23.088,23.124,283100
IID,26-Oct-2010,11.75,11.75,11.51,11.51,46500
IIF,26-Oct-2010,28.99,29.12,28.88,29.09,99900
IIM,26-Oct-2010,15.29,15.37,15.26,15.27,44300
IMAX,26-Oct-2010,18.04,18.49,17.96,18.35,510600
INB,26-Oct-2010,11.52,11.63,11.48,11.54,104900
ING,26-Oct-2010,10.94,11.08,10.86,11.02,5962500
INT,26-Oct-2010,27.1,27.88,26.91,27.81,491400
IO,26-Oct-2010,75.45,77.25,74.85,75.15,812900
IP,26-Oct-2010,23.8,24.03,23.39,23.87,7202400
IPG,26-Oct-2010,10.56,10.69,10.49,10.6,4873800
IPI,26-Oct-2010,30.93,32.7,30.75,32.38,1935900
IQI,26-Oct-2010,13.46,13.46,13.38,13.38,47800
IR,26-Oct-2010,39.51,39.87,38.95,39.68,4309100
IRL,26-Oct-2010,6.47,6.54,6.26,6.52,63700
IRM,26-Oct-2010,22.78,22.97,22.56,22.83,1791500
IRR,26-Oct-2010,15.12,15.28,15.12,15.28,96700
IRS,26-Oct-2010,14,14.06,13.6,13.92,134700
ISF,26-Oct-2010,22.1,22.11,21.8,21.93,145600
ISG,26-Oct-2010,21.65,21.91,21.5,21.67,117800
IT,26-Oct-2010,31.36,31.83,31.21,31.71,384800
ITG,26-Oct-2010,14.63,14.77,14.56,14.62,274800
ITT,26-Oct-2010,23.865,24.145,23.865,23.995,918800
ITUB,26-Oct-2010,25.33,25.35,25.09,25.26,8375900
ITW,26-Oct-2010,46.61,46.64,46.12,46.15,5117000
IVC,26-Oct-2010,27.5,28.04,27.28,27.42,119300
IVR,26-Oct-2010,21.95,21.95,21.71,21.79,580600
IVZ,26-Oct-2010,21.98,22.41,21.85,22.36,3041700
IX,26-Oct-2010,45.26,45.49,44.82,45.22,6500
JAG,26-Oct-2010,6.4,6.53,6.36,6.47,1065900
JBK,26-Oct-2010,21.6,21.6,21.6,21.6,0
JBL,26-Oct-2010,14.3,14.54,14.15,14.31,2226100
JBN,26-Oct-2010,24.06,24.12,23.83,24.1,5300
JBR,26-Oct-2010,23.9,24.04,23.8,23.8,1700
JBT,26-Oct-2010,17.48,17.92,17.4,17.57,82700
JCE,26-Oct-2010,12.99,13.17,12.95,13.17,97700
JCI,26-Oct-2010,34.22,34.59,33.96,34.49,8152300
JCP,26-Oct-2010,32.41,33,32.07,32.77,3945700
JDD,26-Oct-2010,11.1,11.23,11.1,11.17,69500
JEC,26-Oct-2010,38.79,39.24,38.5,39.19,767600
JEQ,26-Oct-2010,5.51,5.57,5.49,5.57,94700
JFR,26-Oct-2010,11.38,11.38,11.31,11.36,120100
JHI,26-Oct-2010,20.75,20.9,20.62,20.64,8600
JHS,26-Oct-2010,14.91,15.06,14.87,14.91,19300
JHX,26-Oct-2010,27.38,27.84,27.32,27.41,700
JKS,26-Oct-2010,27.15,28.45,26.9,28,550600
JLL,26-Oct-2010,85.19,86.48,84.9,85.37,415000
JLS,26-Oct-2010,24.82,24.94,24.66,24.81,40200
JMP,26-Oct-2010,6.6,6.76,6.57,6.69,25000
JMT,26-Oct-2010,24.4,24.4,24.2,24.21,40700
JNJ,26-Oct-2010,63.85,63.95,63.61,63.84,7122800
JNPR,26-Oct-2010,31.62,32.39,31.53,32.38,7453500
JOE,26-Oct-2010,20.54,20.65,20.4,20.47,648700
JOF,26-Oct-2010,8.1,8.15,8.04,8.09,42100
JPC,26-Oct-2010,8.49,8.55,8.48,8.53,166900
JPM,26-Oct-2010,36.98,37.26,36.78,37.2,39195400
JPM-B,26-Oct-2010,27.09,27.19,26.94,27.1,73800
JPM.W,26-Oct-2010,12.1,12.38,12.05,12.37,92700
JPS,26-Oct-2010,8.44,8.49,8.42,8.48,200800
JQC,26-Oct-2010,8.97,9.02,8.95,9,401400
JRO,26-Oct-2010,12.11,12.22,12.07,12.22,130900
JTA,26-Oct-2010,11,11.1,10.97,11.01,207900
JTD,26-Oct-2010,12.71,12.8,12.7,12.76,46200
JW.A,26-Oct-2010,43.14,43.23,42.86,42.86,183600
JW.B,26-Oct-2010,43.33,43.33,43.11,43.11,500
JWN,26-Oct-2010,37.11,38.29,36.96,38.15,2487700
K,26-Oct-2010,49.51,49.59,49.13,49.26,2585100
KAI,26-Oct-2010,19.48,19.48,19.11,19.14,30700
KAR,26-Oct-2010,12.9,13.11,12.9,13.02,46900
KB,26-Oct-2010,46.22,46.47,46.04,46.25,207600
KBH,26-Oct-2010,10.72,10.9,10.69,10.69,1990800
KBR,26-Oct-2010,24.8,25.25,24.78,25.12,1716800
KED,26-Oct-2010,16.39,16.7,16.27,16.56,99000
KEG,26-Oct-2010,10.14,10.4,10.05,10.17,1301700
KEM,26-Oct-2010,8.94,8.94,8.25,8.31,212200
KEP,26-Oct-2010,13.61,13.61,13.45,13.49,661000
KEX,26-Oct-2010,40.59,41.12,40.37,40.62,149800
KEY,26-Oct-2010,8.03,8.15,8,8.05,9367900
KF,26-Oct-2010,42.17,42.26,41.88,42.16,6800
KFS,26-Oct-2010,1.53,1.55,1.48,1.49,159800
KFY,26-Oct-2010,17.39,17.68,17.24,17.59,208900
KGC,26-Oct-2010,17.5,17.89,17.45,17.65,6009300
KIM,26-Oct-2010,17.18,17.21,16.99,17.07,2930000
KKR,26-Oct-2010,11.99,12.01,11.77,11.93,729100
KMB,26-Oct-2010,62.2148,62.2244,59.837,60.0288,10719600
KMM,26-Oct-2010,10.48,10.53,10.42,10.49,98600
KMT,26-Oct-2010,33.52,33.79,33.26,33.48,685300
KMX,26-Oct-2010,29.58,30.14,29.33,29.9,1690600
KND,26-Oct-2010,13.49,14.06,13.41,13.96,523000
KNL,26-Oct-2010,15.04,15.04,14.84,14.98,241300
KNX,26-Oct-2010,18.03,18.18,17.9,18.1,754200
KO,26-Oct-2010,30.395,30.685,30.385,30.62,7753000
KOF,26-Oct-2010,75.56,78.1,75.55,78.06,160600
KOP,26-Oct-2010,27.99,28.57,27.82,28.14,35400
KR,26-Oct-2010,10.87,11.095,10.835,11.035,6363300
KRA,26-Oct-2010,34,34.85,33.64,34.21,339200
KRC,26-Oct-2010,34.66,35.29,34.43,35.07,886800
KRG,26-Oct-2010,19.6,20,19.4,20,142600
KRO,26-Oct-2010,18.2,19.22,18.065,18.885,88900
KS,26-Oct-2010,6.55,6.655,6.505,6.62,254600
KSM,26-Oct-2010,13.48,13.53,13.42,13.42,11800
KSS,26-Oct-2010,52.62,53.11,51.93,52.48,3817400
KST,26-Oct-2010,13.64,13.64,13.6,13.64,19500
KSU,26-Oct-2010,41.49,44.91,41,43.61,2976900
KSU.P,26-Oct-2010,23.3,23.3,23.3,23.3,100
KT,26-Oct-2010,20.78,20.81,20.61,20.64,676700
KTF,26-Oct-2010,12.65,12.75,12.64,12.69,51600
KTH,26-Oct-2010,30.17,30.17,30.17,30.17,0
KTN,26-Oct-2010,29.4,29.4,29.12,29.13,7800
KTP,26-Oct-2010,24.65,24.72,24.65,24.66,2500
KW,26-Oct-2010,10.67,10.74,10.66,10.73,6100
KWR,26-Oct-2010,36.9,37.86,35.82,36.66,142400
KYE,26-Oct-2010,26.22,26.3,26.07,26.28,74000
KYN,26-Oct-2010,26.37,26.4,26.21,26.36,292300
KYO,26-Oct-2010,51.405,51.865,51.215,51.515,3400
L,26-Oct-2010,39.51,39.86,39.51,39.77,1093800
LAD,26-Oct-2010,9.56,10.04,9.45,9.96,213000
LAZ,26-Oct-2010,35.73,36.25,35.6,36.24,542000
LCM,26-Oct-2010,11.47,11.62,11.42,11.5,121800
LDF,26-Oct-2010,19.15,19.33,19.15,19.32,12100
LDL,26-Oct-2010,7.68,7.8,7.6,7.67,87700
LEA,26-Oct-2010,42.225,42.985,41.83,42.725,519900
LEE,26-Oct-2010,2.09,2.1,2.01,2.04,471300
LEG,26-Oct-2010,20.2,20.62,20.14,20.44,2026200
LEN,26-Oct-2010,14.81,15,14.72,14.9,3121700
LEN.B,26-Oct-2010,11.97,12.16,11.97,12.09,9000
LEO,26-Oct-2010,9.02,9.04,8.98,9.04,68900
LFC,26-Oct-2010,22.9167,23.1867,22.88,23.15,292100
LGI,26-Oct-2010,14.95,15.09,14.91,15.09,69100
LH,26-Oct-2010,78.6,79.35,78.48,79.23,1208600
LHO,26-Oct-2010,23.8,23.96,23.54,23.66,1506700
LII,26-Oct-2010,42.2,42.72,39.24,41.51,1464800
LL,26-Oct-2010,24.59,24.81,24.35,24.47,193600
LLL,26-Oct-2010,70.17,71.43,70.11,71.33,981800
LLY,26-Oct-2010,35.04,35.19,34.82,34.9,7669100
LM,26-Oct-2010,30.84,31.21,30.64,31.1,1584400
LMT,26-Oct-2010,71.06,72.13,71.06,71.8,2236700
LNC,26-Oct-2010,25.64,25.84,25.19,25.37,5727400
LNC.W,26-Oct-2010,17.37,17.37,16.98,17,46300
LNN,26-Oct-2010,56.37,57.61,55.59,57.1,171000
LNT,26-Oct-2010,18.33,18.485,18.235,18.325,388000
LOR,26-Oct-2010,12.97,13.05,12.91,12.99,54000
LOW,26-Oct-2010,21.72,21.98,21.59,21.72,6383900
LPL,26-Oct-2010,18.24,18.36,18.08,18.32,739600
LPX,26-Oct-2010,8.23,8.32,8.12,8.16,1161800
LRN,26-Oct-2010,28.36,28.79,27.86,28.38,130900
LSI,26-Oct-2010,4.69,4.7,4.63,4.68,3280800
LTC,26-Oct-2010,27.8,28.25,27.75,28.03,235500
LTM,26-Oct-2010,36.86,37.89,36.79,37.71,438400
LUB,26-Oct-2010,5.02,5.14,5.02,5.12,75900
LUK,26-Oct-2010,25.12,25.32,25,25.25,542300
LUV,26-Oct-2010,13.51,13.6,13.43,13.57,4767500
LVS,26-Oct-2010,39.31,41.01,39.15,41,29698900
LXP,26-Oct-2010,7.8,7.86,7.76,7.79,442700
LXP-C,26-Oct-2010,43.07,43.22,42.98,43,1800
LXU,26-Oct-2010,21.36,22.01,21.17,22,88900
LYB,26-Oct-2010,28.07,28.12,26.5,27.72,5532500
LYG,26-Oct-2010,4.28,4.34,4.25,4.26,2264400
LYV,26-Oct-2010,9.47,9.83,9.45,9.75,920400
LZB,26-Oct-2010,7.79,7.91,7.68,7.82,686100
M,26-Oct-2010,22.37,23.14,22.19,22.96,8788000
MA,26-Oct-2010,24.5,24.595,24.268,24.352,905600
MAA,26-Oct-2010,61.48,61.59,61.11,61.13,184000
MAC,26-Oct-2010,44.6,44.9,44.14,44.33,821700
MAIN,26-Oct-2010,16.67,16.75,16.56,16.63,59900
MAN,26-Oct-2010,56.09,56.29,55.17,55.3,859800
MAS,26-Oct-2010,10.83,11.28,10.67,10.93,9049000
MAV,26-Oct-2010,13.88,14.01,13.86,14,45800
MBI,26-Oct-2010,12.05,12.5,12.01,12.38,2907200
MBT,26-Oct-2010,21.63,22.28,21.42,22.24,3045100
MCA,26-Oct-2010,14.13,14.19,14.06,14.12,65100
MCD,26-Oct-2010,78.59,79,78.58,78.76,4033000
MCI,26-Oct-2010,15.45,15.45,15.15,15.25,5200
MCK,26-Oct-2010,61.38,62.48,60.67,61.91,3131500
MCN,26-Oct-2010,9.29,9.34,9.25,9.26,81400
MCO,26-Oct-2010,26.29,27.44,26.25,27.36,2547300
MCR,26-Oct-2010,9.89,9.9,9.84,9.88,141500
MCS,26-Oct-2010,12.91,13.37,12.91,13.06,33000
MCY,26-Oct-2010,42.94,43.37,42.87,42.95,118000
MD,26-Oct-2010,28.56,28.85,28.395,28.66,220400
MDC,26-Oct-2010,26.37,26.54,26.09,26.17,363700
MDP,26-Oct-2010,35.9,36.15,34.28,34.5,913300
MDR,26-Oct-2010,15.37,15.7,15.16,15.54,1429300
MDT,26-Oct-2010,36.15,36.31,35.83,36.17,7286200
MDU,26-Oct-2010,20.9,21.13,20.76,20.88,561200
MED,26-Oct-2010,23.73,24.22,23.5,23.64,279700
MEI,26-Oct-2010,9.17,9.3,9.03,9.25,138000
MEN,26-Oct-2010,11.29,11.33,11.26,11.31,38200
MER-K,26-Oct-2010,22.1,22.43,22,22.4,246100
MER-P,26-Oct-2010,24.59,24.84,24.55,24.58,62400
MET,26-Oct-2010,39.99,40.62,39.99,40.51,5857200
MET-A,26-Oct-2010,22.69,23.11,22.68,22.88,78100
MFA,26-Oct-2010,7.89,7.95,7.84,7.92,2731100
MFC,26-Oct-2010,12.5,12.87,12.49,12.76,2447800
MFD,26-Oct-2010,14.45,14.45,14.3,14.41,20900
MFG,26-Oct-2010,2.94,2.94,2.9,2.91,949700
MFL,26-Oct-2010,14.29,14.3,14.19,14.28,55500
MFM,26-Oct-2010,7.12,7.12,7.08,7.11,79000
MFT,26-Oct-2010,14.02,14.02,13.97,13.98,23800
MFV,26-Oct-2010,8,8.02,7.94,8.02,8900
MG,26-Oct-2010,10.95,11.06,10.75,10.76,184400
MGA,26-Oct-2010,22.21,22.5175,22.09,22.4475,289600
MGF,26-Oct-2010,7.46,7.49,7.42,7.43,102000
MGM,26-Oct-2010,10.84,11.16,10.84,10.97,20931300
MGU,26-Oct-2010,17.21,17.35,17.14,17.35,53700
MHD,26-Oct-2010,16.69,16.7,16.63,16.69,8900
MHF,26-Oct-2010,7.91,7.95,7.9,7.9,24000
MHI,26-Oct-2010,15.15,15.22,15.1,15.22,51300
MHK,26-Oct-2010,57.53,58.2,56.82,57.99,598700
MHN,26-Oct-2010,15.05,15.1,15.04,15.07,28900
MHO,26-Oct-2010,10.92,10.93,10.52,10.62,123800
MIC,26-Oct-2010,17.87,18.12,17.66,17.93,78800
MIN,26-Oct-2010,6.94,6.96,6.92,6.93,455300
MIY,26-Oct-2010,14.69,14.77,14.65,14.76,20400
MKC,26-Oct-2010,43.15,43.35,43.04,43.33,619000
MKC.V,26-Oct-2010,44.29,44.29,44.29,44.29,0
MKL,26-Oct-2010,342.99,344.86,341.23,343.85,14500
MLI,26-Oct-2010,14.67,15.015,14.625,14.755,165500
MLM,26-Oct-2010,79.64,81.71,79.46,80.41,435400
MLP,26-Oct-2010,4.46,4.67,4.35,4.59,12300
MLR,26-Oct-2010,13.58,14.07,13.5,13.99,29500
MMC,26-Oct-2010,25.01,25.21,24.88,24.92,2553300
MMM,26-Oct-2010,90.68,90.98,90.14,90.47,2268800
MMP,26-Oct-2010,26.36,26.64,26.3,26.6,240700
MMS,26-Oct-2010,15.15,15.36,15.125,15.21,57700
MMT,26-Oct-2010,7.1,7.1,7.05,7.09,170600
MMU,26-Oct-2010,12.98,13,12.9,12.95,78900
MNE,26-Oct-2010,14.06,14.1,14.06,14.09,10100
MNP,26-Oct-2010,14.55,14.56,14.54,14.56,5100
MNR,26-Oct-2010,8.15,8.25,8.12,8.2,46800
MO,26-Oct-2010,25.01,25.21,25.01,25.2,7839000
MOD,26-Oct-2010,12.5,12.73,12.45,12.66,329100
MOG.A,26-Oct-2010,37.28,37.9,37.06,37.62,77500
MOG.B,26-Oct-2010,37.75,37.75,37.75,37.75,0
MOH,26-Oct-2010,17.6467,17.9467,17.4667,17.7067,239700
MON,26-Oct-2010,58.58,59.26,57.81,58.98,3528900
MOS,26-Oct-2010,68.14,72.23,68.04,71.44,7476900
MOV,26-Oct-2010,11.15,11.53,10.98,11.5,199300
MP-D,26-Oct-2010,25,25,25,25,4800
MPA,26-Oct-2010,14.98,15,14.92,14.92,11800
MPV,26-Oct-2010,13.9,13.9,13.75,13.76,8000
MPW,26-Oct-2010,11,11.13,10.97,11.07,441900
MPX,26-Oct-2010,6.74,6.9,6.54,6.65,11800
MQT,26-Oct-2010,12.95,13.01,12.95,13,23000
MQY,26-Oct-2010,14.91,14.94,14.86,14.87,82900
MRK,26-Oct-2010,37.31,37.33,36.89,37.07,7113000
MRO,26-Oct-2010,35.79,35.88,35.49,35.6,5955700
MRT,26-Oct-2010,5.27,5.65,5.25,5.63,102700
MS,26-Oct-2010,24.18,24.59,24.1,24.19,12133200
MS-A,26-Oct-2010,20.05,20.12,19.99,20,404900
MSA,26-Oct-2010,26.78,27.13,26.71,26.88,127900
MSB,26-Oct-2010,42.5,42.5,41.72,42.3,293400
MSCI,26-Oct-2010,36.17,36.17,35.74,35.83,521200
MSD,26-Oct-2010,11.69,11.73,11.63,11.67,59200
MSF,26-Oct-2010,16.08,16.28,16.08,16.21,14600
MSI,26-Oct-2010,55.16,56.21,55.02,55.02,21755600
MSM,26-Oct-2010,57.75,58.62,57.59,58.1,472000
MSP,26-Oct-2010,12.81,12.9,12.66,12.74,24300
MT,26-Oct-2010,98.1,99.24,97.92,98.79,9626700
MTB,26-Oct-2010,74.28,75.66,74.28,75.17,1194900
MTD,26-Oct-2010,131.89,131.97,130.11,131,166500
MTG,26-Oct-2010,9.61,9.86,9.45,9.68,3042600
MTH,26-Oct-2010,18.67,18.95,18.4,18.68,196500
MTL,26-Oct-2010,45.5,46.8,45.12,46.76,2625000
MTL.P,26-Oct-2010,7.66,7.9,7.66,7.75,39800
MTN,26-Oct-2010,40.5,41.63,40.42,40.96,436000
MTR,26-Oct-2010,47.12,47.77,47,47.17,4500
MTRN,26-Oct-2010,30.05,30.71,29.98,30.07,91600
MTT,26-Oct-2010,21.5,21.55,21.35,21.4,35100
MTU,26-Oct-2010,4.66,4.7,4.62,4.64,4111400
MTW,26-Oct-2010,10.97,11.32,10.85,11.2,2132700
MTX,26-Oct-2010,30.12,30.23,29.845,29.915,72900
MTZ,26-Oct-2010,12.13,12.34,12.12,12.28,413400
MUA,26-Oct-2010,12.95,12.97,12.91,12.96,19500
MUC,26-Oct-2010,14.22,14.25,14.18,14.22,78000
MUE,26-Oct-2010,13.9,13.95,13.85,13.89,28600
MUH,26-Oct-2010,15.28,15.28,15.25,15.28,15700
MUI,26-Oct-2010,15.08,15.15,15.08,15.15,67800
MUJ,26-Oct-2010,15.34,15.38,15.3,15.33,37200
MUR,26-Oct-2010,65.25,65.62,64.96,65.21,1814200
MUS,26-Oct-2010,13.89,13.99,13.89,13.98,16000
MUSA,26-Oct-2010,12.35,12.41,12.23,12.36,99400
MVC,26-Oct-2010,13.24,13.49,13.24,13.44,56900
MVO,26-Oct-2010,28.47,29.19,28.13,29.15,155300
MVT,26-Oct-2010,15.3,15.33,15.26,15.32,36500
MWA,26-Oct-2010,2.98,3.08,2.98,3,892700
MXE,26-Oct-2010,10.43,10.49,10.33,10.38,26200
MXF,26-Oct-2010,25.83,25.98,25.68,25.83,27900
MXL,26-Oct-2010,10.19,10.26,10.05,10.25,40800
MYC,26-Oct-2010,14.84,14.86,14.73,14.74,31000
MYD,26-Oct-2010,14.95,15.15,14.95,15.14,112600
MYE,26-Oct-2010,9.45,9.53,9.35,9.38,75300
MYF,26-Oct-2010,14.47,14.47,14.34,14.37,37900
MYI,26-Oct-2010,14.12,14.17,14.09,14.17,100300
MYJ,26-Oct-2010,15.63,15.68,15.63,15.67,15700
MYN,26-Oct-2010,14.11,14.13,14,14.01,81600
MZF,26-Oct-2010,15.15,15.17,14.91,14.96,40400
NAC,26-Oct-2010,13.93,13.95,13.85,13.9,26700
NAD,26-Oct-2010,14.42,14.45,14.39,14.41,43400
NAN,26-Oct-2010,14.47,14.51,14.42,14.43,20300
NAT,26-Oct-2010,26.42,26.43,26.01,26.13,1052100
NAV,26-Oct-2010,48.06,49.48,47.42,48.76,822000
NAV-D,26-Oct-2010,15.25,15.25,15.25,15.25,0
NAZ,26-Oct-2010,14.65,14.65,14.65,14.65,700
NBB,26-Oct-2010,20.09,20.18,19.95,20,193500
NBL,26-Oct-2010,38.98,39.075,38.655,39.015,786600
NBR,26-Oct-2010,19.33,19.7,19.15,19.44,5479300
NC,26-Oct-2010,101.05,102.04,99.9,101.47,13900
NCA,26-Oct-2010,9.34,9.37,9.29,9.29,48900
NCI,26-Oct-2010,12.19,12.34,12.13,12.13,139900
NCR,26-Oct-2010,13.55,13.68,13.45,13.55,1603500
NCS,26-Oct-2010,10.47,10.75,10.39,10.51,91200
NCV,26-Oct-2010,9.91,10.02,9.91,10.02,167900
NCZ,26-Oct-2010,9.22,9.33,9.22,9.31,125500
NE,26-Oct-2010,34.18,34.92,34.08,34.75,3111200
NEE,26-Oct-2010,54.72,55.25,54.54,55.24,2025700
NEM,26-Oct-2010,58.97,60.07,58.51,59.46,5407900
NEU,26-Oct-2010,121.11,123.26,120.28,121.47,35100
NEV,26-Oct-2010,14.58,14.79,14.54,14.59,62200
NFG,26-Oct-2010,54.22,54.39,53.9,53.92,306600
NFJ,26-Oct-2010,15.93,15.99,15.88,15.95,311000
NFX,26-Oct-2010,59.69,60.39,59.27,60.14,1050000
NGG,26-Oct-2010,46.47,47.04,46.21,46.85,588800
NGS,26-Oct-2010,15.45,15.99,15.34,15.95,31100
NHI,26-Oct-2010,47.03,47.05,45.82,46.46,147800
NI,26-Oct-2010,17.68,17.68,17.51,17.55,2358200
NIE,26-Oct-2010,17.42,17.49,17.35,17.48,59300
NIM,26-Oct-2010,10.98,10.98,10.9,10.96,12200
NJR,26-Oct-2010,20.335,20.5,20.195,20.235,102900
NKE,26-Oct-2010,20.41,20.555,20.315,20.455,2572400
NL,26-Oct-2010,10.51,10.92,10.26,10.75,25700
NLS,26-Oct-2010,1.33,1.47,1.33,1.47,120800
NLY,26-Oct-2010,18.22,18.22,18.05,18.1,5713100
NM,26-Oct-2010,6.05,6.09,5.98,6.01,284400
NMI,26-Oct-2010,11.23,11.39,11.23,11.38,35800
NMM,26-Oct-2010,19,19.03,18.57,18.71,453200
NMR,26-Oct-2010,5.36,5.43,5.27,5.31,1088200
NMT,26-Oct-2010,15.48,15.5,15.25,15.25,13200
NMY,26-Oct-2010,14.93,14.99,14.81,14.91,8400
NNA,26-Oct-2010,5.5,5.5,5.5,5.5,8900
NNC,26-Oct-2010,15.14,15.24,15.14,15.2,4900
NNI,26-Oct-2010,23.84,24.05,23.62,23.63,62400
NNN,26-Oct-2010,27.55,27.68,27.41,27.61,479700
NNY,26-Oct-2010,9.9,9.9,9.81,9.81,20800
NOA,26-Oct-2010,8.88,9.04,8.88,8.92,131000
NOC,26-Oct-2010,60.72,61.56,60.36,61.35,2399200
NOK,26-Oct-2010,10.93,10.94,10.76,10.9,34558000
NOV,26-Oct-2010,49.92,52.63,49.92,52.03,13417500
NP,26-Oct-2010,15.58,15.94,15.33,15.81,102900
NPK,26-Oct-2010,115.01,115.01,113,113.58,26100
NPO,26-Oct-2010,35.21,35.52,34.94,35.18,82000
NPV,26-Oct-2010,16.18,16.55,16.13,16.48,23300
NQP,26-Oct-2010,14.59,14.68,14.57,14.68,11800
NR,26-Oct-2010,8.48,8.58,8.38,8.43,282200
NRG,26-Oct-2010,20.1,20.31,19.9,20.14,2289600
NRP,26-Oct-2010,289.5,291,287.5,289.9,162200
NRT,26-Oct-2010,28.55,28.63,28.11,28.55,3900
NS,26-Oct-2010,62.98,63.32,62.88,63.02,184000
NSC,26-Oct-2010,61.67,62.68,61.51,62.2,2163800
NSH,26-Oct-2010,33.96,34.94,33.9,34.86,150800
NSL,26-Oct-2010,7.18,7.27,7.12,7.12,72000
NSM,26-Oct-2010,13.05,13.18,12.97,13.09,3215600
NTC,26-Oct-2010,14.18,14.23,14.18,14.23,3100
NTG,26-Oct-2010,24.6,24.6,24.35,24.47,187700
NTX,26-Oct-2010,16.35,16.49,16.35,16.42,9500
NTZ,26-Oct-2010,3.39,3.39,3.32,3.32,32700
NUE,26-Oct-2010,37.64,38.07,37.38,37.88,2870100
NUM,26-Oct-2010,14.25,14.35,14.25,14.35,5200
NUO,26-Oct-2010,16.63,16.7,16.63,16.69,1100
NUS,26-Oct-2010,30.37,30.76,30.22,30.62,376700
NUV,26-Oct-2010,10.01,10.03,9.97,10.03,189900
NUW,26-Oct-2010,17.38,17.42,17.31,17.31,27600
NVO,26-Oct-2010,20.036,20.21,19.908,20.128,219500
NVR,26-Oct-2010,627.66,634.87,626.04,627.96,16300
NVS,26-Oct-2010,57.72,57.86,57.54,57.74,3274900
NWE,26-Oct-2010,29.22,29.51,29.15,29.34,272000
NWL,26-Oct-2010,18.01,18.09,17.89,17.96,3207700
NWN,26-Oct-2010,50.18,50.5,49.78,49.97,59400
NWY,26-Oct-2010,3.25,3.3,3.23,3.29,253900
NX,26-Oct-2010,17.98,18.22,17.75,17.8,106400
NXC,26-Oct-2010,13.87,14,13.87,14,7200
NXN,26-Oct-2010,14.19,14.2,14.19,14.2,2300
NXP,26-Oct-2010,15.08,15.15,15.01,15.15,32200
NXQ,26-Oct-2010,13.98,14.05,13.91,14.05,34800
NXR,26-Oct-2010,14.84,14.88,14.81,14.88,7000
NYT,26-Oct-2010,7.67,7.85,7.57,7.73,2276800
O,26-Oct-2010,35.45,35.52,35.14,35.16,679200
OAS,26-Oct-2010,21.14,21.49,20.9,21.37,129600
OC,26-Oct-2010,28.6,28.81,28.14,28.2,1450100
OCN,26-Oct-2010,8.81,8.84,8.57,8.62,629400
ODC,26-Oct-2010,21.79,22.05,21.71,21.94,10800
OFC,26-Oct-2010,38.37,38.53,38.09,38.24,713000
OFG,26-Oct-2010,13.03,13.3,13.03,13.2,64700
OFG-A,26-Oct-2010,23.4,23.4,23.4,23.4,200
OFG-B,26-Oct-2010,23.63,23.63,23.21,23.21,2000
OGE,26-Oct-2010,21.455,21.695,21.455,21.47,437800
OHI,26-Oct-2010,23.46,23.73,23.32,23.58,983800
OI,26-Oct-2010,26.95,28.18,26.86,27.9,7426900
OIA,26-Oct-2010,6.74,6.8,6.73,6.78,38700
OII,26-Oct-2010,26.885,27.74,26.665,27.145,1440800
OIS,26-Oct-2010,51.02,51.77,50.83,51.49,630600
OKE,26-Oct-2010,25,25.285,24.89,25.04,983500
OLN,26-Oct-2010,19.72,20.5,18.7,20.05,2780600
OLP,26-Oct-2010,15.97,16.24,15.58,16.07,41100
OMC,26-Oct-2010,43.27,44,43,43.88,2724200
OME,26-Oct-2010,5.65,6.1,5.62,5.98,108400
OMI,26-Oct-2010,28.27,29.22,28.27,28.38,1276400
OMN,26-Oct-2010,7.79,7.99,7.66,7.9,277600
OPY,26-Oct-2010,26.07,26.55,25.91,26,26400
ORA,26-Oct-2010,28.44,28.77,28.41,28.42,77900
ORCL,26-Oct-2010,28.71,28.84,28.54,28.63,28045400
ORI,26-Oct-2010,13.84,14.05,13.81,13.94,1181800
ORN,26-Oct-2010,12.61,12.63,12.34,12.35,360400
OSG,26-Oct-2010,33.02,33.64,32.75,32.8,503400
OSK,26-Oct-2010,31.41,31.54,30.56,30.63,1922300
OXM,26-Oct-2010,23.62,24.19,23.32,23.99,79900
OXY,26-Oct-2010,79.53,79.61,78.72,79.04,6571700
OZM,26-Oct-2010,14.5,14.71,14.39,14.57,74400
PAA,26-Oct-2010,31.8,31.935,31.77,31.86,206100
PAC,26-Oct-2010,35.72,36.23,35.7,35.9,80900
PAG,26-Oct-2010,13.28,13.98,13.22,13.61,1164600
PAI,26-Oct-2010,13.46,13.47,13.38,13.46,6800
PAM,26-Oct-2010,13.47,13.47,13.23,13.28,36300
PAY,26-Oct-2010,32.6,33.8,31.78,32.69,1553600
PBH,26-Oct-2010,10.93,11.03,10.8,10.88,393600
PBI,26-Oct-2010,22.12,22.19,21.91,22.01,1059700
PBR,26-Oct-2010,32.32,33.88,32.28,33.66,25441600
PBR.A,26-Oct-2010,29.31,31.15,29.24,30.87,11864000
PBT,26-Oct-2010,20.9,21.3,20.88,21.26,169500
PCF,26-Oct-2010,8.63,8.66,8.55,8.65,28600
PCG,26-Oct-2010,47.46,47.65,47.19,47.58,1398000
PCK,26-Oct-2010,9.64,9.67,9.6,9.6,39500
PCM,26-Oct-2010,10.9,10.94,10.82,10.86,25600
PCN,26-Oct-2010,16,16.08,16,16.01,91500
PCQ,26-Oct-2010,14.11,14.11,14,14.04,13700
PDM,26-Oct-2010,18.97,19,18.75,18.92,178400
PDS,26-Oct-2010,7.83,7.9,7.74,7.74,559200
PDT,26-Oct-2010,11.64,11.69,11.6,11.69,66700
PEB,26-Oct-2010,19.44,19.63,19.44,19.52,230900
PEG,26-Oct-2010,33.24,33.4,33.06,33.39,2958100
PEI,26-Oct-2010,13.83,14.27,13.71,14.23,633900
PEO,26-Oct-2010,24.46,24.7,24.45,24.64,16000
PFD,26-Oct-2010,12.59,12.69,12.46,12.5,40900
PFE,26-Oct-2010,17.57,17.6,17.38,17.49,35428000
PFH,26-Oct-2010,24.92,24.99,24.85,24.96,1900
PFK,26-Oct-2010,25.8,25.82,25.75,25.76,2600
PFL,26-Oct-2010,12,12.07,11.96,12.07,56500
PFN,26-Oct-2010,10.35,10.43,10.35,10.37,151300
PFO,26-Oct-2010,9.92,10.09,9.88,10.05,34600
PFS,26-Oct-2010,12.48,12.72,12.42,12.66,244100
PG,26-Oct-2010,63.12,63.44,62.52,62.86,12938800
PGH,26-Oct-2010,11.67,11.94,11.65,11.94,935900
PGP,26-Oct-2010,22.6,22.74,22.4,22.48,52500
PGR,26-Oct-2010,20.98,21.47,20.98,21.4,4363000
PH,26-Oct-2010,76.51,76.88,74.79,76.5,1648800
PHD,26-Oct-2010,12.58,12.64,12.45,12.59,203400
PHG,26-Oct-2010,31.39,31.53,31.26,31.39,1251000
PHH,26-Oct-2010,19.41,19.43,19.11,19.15,374400
PHI,26-Oct-2010,62.84,63.25,62.54,62.72,59800
PHK,26-Oct-2010,13.13,13.2,13.1,13.16,426500
PHM,26-Oct-2010,8.05,8.08,7.94,7.97,6485800
PHT,26-Oct-2010,16.55,16.69,16.49,16.65,59900
PHX,26-Oct-2010,25.41,25.41,24.65,24.73,7200
PII,26-Oct-2010,35.185,35.525,35,35.075,374900
PIM,26-Oct-2010,6.32,6.33,6.31,6.33,130700
PIR,26-Oct-2010,8.45,8.64,8.33,8.51,2674800
PIY,26-Oct-2010,25.08,25.08,25.01,25.05,6000
PJC,26-Oct-2010,29.31,29.82,29.06,29.63,110900
PJT,26-Oct-2010,25.09,25.09,24.75,24.94,6700
PKD,26-Oct-2010,4.33,4.34,4.2,4.26,547000
PKE,26-Oct-2010,27.25,27.44,26.84,27.18,26200
PKG,26-Oct-2010,24.15,24.43,23.9,24.34,1546800
PKI,26-Oct-2010,23.47,23.51,23.26,23.31,784100
PKO,26-Oct-2010,27.14,27.2,27.06,27.2,33100
PKX,26-Oct-2010,107.41,108.58,106.65,108.19,425700
PLD,26-Oct-2010,27.68,27.93,27.21,27.47,1626600
PLOW,26-Oct-2010,14.27,14.27,13.99,14.19,27800
PLT,26-Oct-2010,36.52,36.72,35.99,36.13,257600
PM,26-Oct-2010,59.15,59.53,58.93,59.5,5663800
PMF,26-Oct-2010,14.37,14.42,14.3,14.42,15600
PML,26-Oct-2010,11.68,11.81,11.66,11.76,103900
PMM,26-Oct-2010,7.65,7.82,7.65,7.8,148900
PMO,26-Oct-2010,12.26,12.26,12.21,12.26,81800
PMT,26-Oct-2010,17.1,17.29,17.07,17.12,99800
PMX,26-Oct-2010,11.22,11.27,11.16,11.25,56600
PNC,26-Oct-2010,53.76,54.33,53.6,54,3305900
PNC.W,26-Oct-2010,11.22,11.51,11.22,11.44,26400
PNF,26-Oct-2010,11.43,11.43,11.32,11.32,4200
PNI,26-Oct-2010,12.2,12.2,12.05,12.11,18600
PNM,26-Oct-2010,11.88,11.91,11.78,11.85,442100
PNR,26-Oct-2010,34.8,34.83,31.89,33.21,2291700
PNW,26-Oct-2010,41.91,42.12,41.8,41.9,463300
POL,26-Oct-2010,12.72,12.99,12.61,12.77,754500
POR,26-Oct-2010,20.67,20.79,20.67,20.72,382000
POT,26-Oct-2010,47.9,48.7367,47.8833,48.5167,6325500
PPG,26-Oct-2010,38.355,38.84,38.13,38.65,1263800
PPL,26-Oct-2010,26.89,26.89,26.55,26.74,3016100
PPR,26-Oct-2010,5.76,5.78,5.73,5.76,335900
PPT,26-Oct-2010,6.83,6.91,6.8,6.9,340600
PQ,26-Oct-2010,23,23.12,22.6,22.72,595500
PRA,26-Oct-2010,28.99,29.3,28.93,29.05,71300
PRI,26-Oct-2010,21.03,21.33,20.96,21.33,125100
PRO,26-Oct-2010,9.59,9.83,9.59,9.8,36400
PRU,26-Oct-2010,52.68,53.69,52.67,53.52,2159400
PSA,26-Oct-2010,101.32,101.85,100.8,101.59,681200
PSA-A,26-Oct-2010,24.85,25,24.81,24.9,5900
PSA-B,26-Oct-2010,25.14,25.18,25.14,25.18,10400
PSA-C,26-Oct-2010,24.91,25.01,24.91,25,4100
PSA-D,26-Oct-2010,24.67,24.78,24.67,24.77,7400
PSA-E,26-Oct-2010,25.1,25.15,25.06,25.12,12200
PSA-F,26-Oct-2010,24.7,24.75,24.67,24.7,5200
PSA-G,26-Oct-2010,25.14,25.15,25.14,25.14,1100
PSA-W,26-Oct-2010,24.9,24.96,24.87,24.9,1800
PSA-X,26-Oct-2010,24.89,24.98,24.86,24.98,3600
PSA-Z,26-Oct-2010,24.74,24.93,24.71,24.84,4300
PSB,26-Oct-2010,59.67,60.63,59.07,59.99,94000
PSO,26-Oct-2010,15.26,15.39,15.23,15.35,102000
PTR,26-Oct-2010,128.05,129.03,127.51,128.28,409500
PTY,26-Oct-2010,17.42,17.47,17.33,17.41,123200
PUK,26-Oct-2010,19.63,19.82,19.56,19.78,132900
PUK-A,26-Oct-2010,25,25.19,24.99,25.02,27200
PUK.P,26-Oct-2010,25,25.18,25,25.07,5100
PVG,26-Oct-2010,24.21,24.67,24.15,24.49,127300
PVH,26-Oct-2010,62.42,63.34,62.07,62.97,1016100
PWR,26-Oct-2010,19.91,20.13,19.81,19.95,1077600
PX,26-Oct-2010,93.35,93.5,92.39,93.5,1612800
PXD,26-Oct-2010,72.47,73.64,71.66,72,1325700
PYN,26-Oct-2010,9.94,9.98,9.79,9.87,7500
PYS,26-Oct-2010,23.55,23.8,23.5,23.75,4900
PYT,26-Oct-2010,18.63,18.8,18.63,18.8,1700
PZC,26-Oct-2010,10.11,10.15,10.1,10.14,28400
PZE,26-Oct-2010,8.56,8.67,8.52,8.67,64600
PZN,26-Oct-2010,6.81,6.94,6.7,6.92,83700
QEP,26-Oct-2010,32.09,32.7,31.73,32.39,1620700
QTM,26-Oct-2010,23.52,23.52,22.56,22.72,2381100
QUAD,26-Oct-2010,46,46,43.99,44.5,48900
R,26-Oct-2010,44.45,44.45,43.81,44.1,796300
RA,26-Oct-2010,10.84,11.02,10.77,10.95,455600
RAD,26-Oct-2010,0.98,0.98,0.91,0.92,2809400
RAS,26-Oct-2010,4.89,5.4,4.83,5.16,3529800
RAS-A,26-Oct-2010,16.66,17.64,16.63,17.01,19700
RAS-B,26-Oct-2010,17.49,18.25,17.38,18,11700
RAS-C,26-Oct-2010,18.36,19.05,18,18.95,11100
RBA,26-Oct-2010,20.85,20.85,20.65,20.72,192100
RBC,26-Oct-2010,59.19,59.47,58.23,58.23,704600
RBS,26-Oct-2010,14.23,14.33,14.12,14.21,729600
RBS-S,26-Oct-2010,17.02,17.59,16.77,17.29,69500
RCI,26-Oct-2010,38.6,38.76,37.1,37.22,1561000
RCL,26-Oct-2010,38.6,40.93,38.25,40.23,13878800
RCS,26-Oct-2010,10.79,10.9,10.75,10.89,129700
RDC,26-Oct-2010,32.34,32.81,31.93,32.68,2104500
RDN,26-Oct-2010,8.59,8.81,8.47,8.7,2659000
RDS.A,26-Oct-2010,62.95,63.49,62.83,63.41,3572800
RDS.B,26-Oct-2010,62.1,62.6,62.03,62.5,715200
RDY,26-Oct-2010,37.44,37.74,37.4,37.46,314100
RE,26-Oct-2010,84.47,85.55,84.38,84.81,275400
REG,26-Oct-2010,42.51,42.69,42.14,42.47,797400
REN,26-Oct-2010,58.95,59.85,58.3,58.95,61800
RES,26-Oct-2010,10.2889,10.5155,10.1333,10.4489,307800
REV,26-Oct-2010,14.33,14.44,13.88,14.26,147900
REX,26-Oct-2010,16.75,16.82,16.64,16.72,13400
RF,26-Oct-2010,6.65,6.72,6.39,6.48,53828300
RFI,26-Oct-2010,13.02,13.02,12.78,12.93,25100
RGA,26-Oct-2010,47.52,50.57,47.52,50.38,1122600
RGC,26-Oct-2010,13.67,14.05,13.67,13.79,1529200
RGR,26-Oct-2010,15.27,15.65,15.27,15.59,145400
RGS,26-Oct-2010,20.05,20.49,20.05,20.26,1534000
RHI,26-Oct-2010,27.13,27.56,26.91,27.4,1210000
RHT,26-Oct-2010,40.76,41.58,40.17,41.27,2820200
RIG,26-Oct-2010,64.78,65.22,64.2,64.37,3749700
RIO,26-Oct-2010,65.18,66.24,65,66.11,1900100
RJF,26-Oct-2010,28.27,28.65,28.13,28.43,625200
RL,26-Oct-2010,94.41,96.92,93.91,96.49,1333800
RLH,26-Oct-2010,8.08,8.16,8,8.07,41600
RLI,26-Oct-2010,28.755,29,28.61,28.845,58100
RMD,26-Oct-2010,31.3,31.94,31.1,31.5,889800
RMT,26-Oct-2010,8.59,8.65,8.56,8.6,81400
RNP,26-Oct-2010,13.94,13.97,13.81,13.92,169100
RNR,26-Oct-2010,60.46,61.95,60.4,61.54,445600
RNR-C,26-Oct-2010,23.58,23.85,23.58,23.67,6500
ROG,26-Oct-2010,35.03,35.31,34.69,34.96,47000
ROK,26-Oct-2010,63.53,63.79,62.85,63.32,619000
ROL,26-Oct-2010,11.08,11.3289,11.0267,11.12,150300
ROP,26-Oct-2010,70.09,70.91,69.5,70.43,722900
RPM,26-Oct-2010,20.79,20.79,20.39,20.45,717900
RPT,26-Oct-2010,11.65,11.85,11.5,11.66,217700
RQI,26-Oct-2010,8.51,8.55,8.4,8.55,434500
RRC,26-Oct-2010,36.34,36.49,35.43,35.73,2755900
RRTS,26-Oct-2010,12,12.18,12,12.07,82900
RS,26-Oct-2010,41.26,41.48,40.75,40.89,876700
RSG,26-Oct-2010,30.9,31.06,30.51,30.65,2202100
RSO,26-Oct-2010,6.42,6.45,6.36,6.4,457200
RST,26-Oct-2010,21.87,22.11,21.8,22,72800
RT,26-Oct-2010,12.84,12.91,12.53,12.57,375900
RTN,26-Oct-2010,47.01,47.62,46.78,47.55,3033000
RVT,26-Oct-2010,13,13,12.69,12.77,249500
RWT,26-Oct-2010,14.24,14.32,14.19,14.19,362500
RY,26-Oct-2010,53.79,54.4,53.69,54.22,543500
RYN,26-Oct-2010,34.3267,34.3867,33.92,34.18,666500
S,26-Oct-2010,4.73,4.85,4.73,4.77,58124200
SAB,26-Oct-2010,14.25,14.25,14.25,14.25,0
SAH,26-Oct-2010,10.63,10.95,10.25,10.71,1767800
SAM,26-Oct-2010,71.58,72.44,71.31,72.25,61700
SAN,26-Oct-2010,94.63,95.32,94,95.11,83400
SAP,26-Oct-2010,53.03,54.66,52.87,54.08,2178100
SAR,26-Oct-2010,20.22,20.98,20.22,20.98,5500
SB,26-Oct-2010,8.39,8.48,8.33,8.42,52200
SBH,26-Oct-2010,12.47,12.75,12.24,12.59,567600
SBR,26-Oct-2010,53.82,54,53.32,53.94,17800
SBS,26-Oct-2010,7.56,7.8833,7.56,7.85,255300
SCCO,26-Oct-2010,42.2,42.99,41.91,42.87,1402000
SCD,26-Oct-2010,11.76,11.77,11.72,11.74,53800
SCG,26-Oct-2010,41.08,41.22,40.89,41.09,727100
SCHW,26-Oct-2010,14.85,15.1,14.85,15.05,6789200
SCI,26-Oct-2010,8.56,8.63,8.49,8.49,703200
SCL,26-Oct-2010,33.925,34.305,33.1,34.055,45400
SCS,26-Oct-2010,8.59,8.72,8.53,8.65,312800
SCX,26-Oct-2010,11.7,11.97,11.64,11.79,32000
SD,26-Oct-2010,5.72,5.77,5.65,5.66,4661200
SDRL,26-Oct-2010,30.09,30.29,30,30.09,1033900
SE,26-Oct-2010,23.72,23.83,23.55,23.74,2521900
SEE,26-Oct-2010,23.77,23.92,23.54,23.55,1135000
SEM,26-Oct-2010,7.46,7.55,7.4,7.51,360500
SEP,26-Oct-2010,35,35.16,34.66,35.01,75700
SF,26-Oct-2010,30.8933,31.2267,30.8467,31.0733,75800
SFE,26-Oct-2010,14.7,15.09,14.68,14.71,128100
SFL,26-Oct-2010,19.96,20.23,19.75,19.86,347100
SFUN,26-Oct-2010,3.9925,4,3.886,3.9195,151900
SGF,26-Oct-2010,16.4,16.52,16.4,16.46,13600
SGU,26-Oct-2010,4.83,4.96,4.83,4.96,81200
SGY,26-Oct-2010,625.6,630.8,618,626,757300
SHG,26-Oct-2010,39.495,39.65,39.24,39.49,32400
SHI,26-Oct-2010,31.52,31.8933,31.4,31.6667,27100
SHO,26-Oct-2010,10.46,10.7,10.35,10.55,849200
SHW,26-Oct-2010,70.7,72,69.56,71.95,4685500
SID,26-Oct-2010,16.65,16.7,16.51,16.68,5360300
SIG,26-Oct-2010,34.4,35.36,34.17,35.17,805100
SIX,26-Oct-2010,13.3,13.3,12.7925,12.825,99300
SJI,26-Oct-2010,25.11,25.255,24.915,25.03,69200
SJM,26-Oct-2010,63.09,63.13,62.5,62.94,536900
SJR,26-Oct-2010,21.55,21.73,21.35,21.38,151400
SJT,26-Oct-2010,24.34,24.59,24.25,24.47,150100
SJW,26-Oct-2010,23.98,24.31,23.8,24.19,18000
SKM,26-Oct-2010,18.48,18.55,18.32,18.53,824400
SKT,26-Oct-2010,24.04,24.205,23.925,24.065,385000
SKX,26-Oct-2010,7.8433,8.13,7.69,8.03,2379100
SLB,26-Oct-2010,68.44,69.59,68.21,69.11,9678900
SLF,26-Oct-2010,27.22,27.55,27.21,27.38,288500
SLG,26-Oct-2010,67.5,68.5,67,68.08,1718400
SM,26-Oct-2010,41.55,42.33,41.4,42,978700
SMG,26-Oct-2010,54.05,54.9,54,54.6,447200
SMI,26-Oct-2010,4.16,4.26,4.16,4.25,116400
SMP,26-Oct-2010,10.8,11.07,10.72,11.02,192500
SNA,26-Oct-2010,50.3,50.81,49.98,50.5,357200
SNE,26-Oct-2010,33.82,34.02,33.63,33.91,1042700
SNN,26-Oct-2010,18.184,18.272,18.128,18.148,30800
SNP,26-Oct-2010,75.4231,76.0308,75.1231,76.0077,204000
SNV,26-Oct-2010,16.52,16.87,15.75,16.38,31708800
SNX,26-Oct-2010,29.48,29.6,29.21,29.52,265300
SNY,26-Oct-2010,34.35,34.59,34.2,34.54,1718700
SO,26-Oct-2010,38.19,38.4,38.03,38.28,3336300
SOL,26-Oct-2010,61.85,61.95,60.3,60.8,1736000
SON,26-Oct-2010,33.42,33.62,33.17,33.33,342000
SOR,26-Oct-2010,48,48.42,47.7,48.42,7100
SOV-C,26-Oct-2010,25.78,25.82,25.6,25.75,8000
SPA,26-Oct-2010,6.84,6.95,6.75,6.85,27200
SPB,26-Oct-2010,28.15,28.58,28.09,28.57,12100
SPE,26-Oct-2010,14.02,14.13,13.93,14,17900
SPG,26-Oct-2010,97.1,97.7,96.46,97.17,1367800
SPG-J,26-Oct-2010,68.15,68.15,68.15,68.15,0
SPH,26-Oct-2010,55.26,55.5,54.81,55.11,86800
SPN,26-Oct-2010,27.16,27.75,27.04,27.38,519100
SPR,26-Oct-2010,21.51,21.74,21.38,21.66,1004100
SQM,26-Oct-2010,50.6,51.99,50.33,51.88,299100
SR,26-Oct-2010,16.4,16.75,16.15,16.35,94400
SRE,26-Oct-2010,53.61,53.74,53.26,53.33,1394800
SRI,26-Oct-2010,10.32,10.71,10.11,10.36,164700
SRT,26-Oct-2010,4.95,5.04,4.88,5.04,38600
SRV,26-Oct-2010,9.05,9.24,9.04,9.17,190200
SSD,26-Oct-2010,26.28,26.43,25.91,26.25,106100
SSI,26-Oct-2010,13.37,13.76,13.29,13.59,121000
SSL,26-Oct-2010,45.05,45.68,44.95,45.56,120700
SSP,26-Oct-2010,8.31,9.1,8.31,8.94,517200
SSW,26-Oct-2010,14.15,14.69,14,14.55,448700
ST,26-Oct-2010,21.95,22.08,21.73,22,192200
STC,26-Oct-2010,11.05,11.21,11.02,11.12,136700
STE,26-Oct-2010,34.06,34.55,33.91,34.27,164700
STI,26-Oct-2010,25.42,25.71,24.99,25.6,6725400
STI-A,26-Oct-2010,20.3,20.48,20,20.05,8900
STK,26-Oct-2010,18.81,18.94,18.74,18.85,56100
STL,26-Oct-2010,9.29,9.46,9.18,9.25,26800
STL-A,26-Oct-2010,10.27,10.27,10.27,10.27,900
STM,26-Oct-2010,8.06,8.2,8.03,8.14,825700
STN,26-Oct-2010,13.83,14.04,13.72,13.99,16500
STNG,26-Oct-2010,11.64,11.86,11.51,11.77,35400
STO,26-Oct-2010,21.52,21.67,21.48,21.61,930400
STT,26-Oct-2010,40.14,41,40.1,40.98,3522100
STWD,26-Oct-2010,2.8309,2.8421,2.8056,2.8084,363800
STZ,26-Oct-2010,19.38,19.53,19.24,19.35,1729300
STZ.B,26-Oct-2010,19.4,19.4,19.4,19.4,100
SU,26-Oct-2010,32.48,32.87,32.32,32.51,5089600
SUI,26-Oct-2010,32.68,33.09,32.41,32.98,150500
SUN,26-Oct-2010,39.24,39.68,38.92,39.25,1777200
SUP,26-Oct-2010,17.86,18.21,17.75,17.96,77900
SVU,26-Oct-2010,10.47,10.55,10.29,10.34,4863500
SWK,26-Oct-2010,60.5,61.15,60,60.06,1087700
SWM,26-Oct-2010,32.365,32.365,31.915,32.04,92700
SWN,26-Oct-2010,33.8,33.91,33.13,33.28,4184900
SWX,26-Oct-2010,34.45,34.83,34.31,34.49,123400
SWZ,26-Oct-2010,13.01,13.03,12.95,12.97,27100
SXI,26-Oct-2010,26.78,27.43,26.78,27.01,48400
SXT,26-Oct-2010,31.94,32.38,31.68,32.14,168100
SYK,26-Oct-2010,50.96,51.35,50.47,51.23,2016300
SYT,26-Oct-2010,56.8,57.29,56.78,57.2,725000
SYX,26-Oct-2010,13.09,13.28,12.95,13.14,57200
SYY,26-Oct-2010,29.44,29.54,29.32,29.5,2118400
T,26-Oct-2010,28.37,28.53,28.26,28.31,21341600
TAC,26-Oct-2010,21.11,21.13,20.89,20.93,15100
TAL,26-Oct-2010,24.55,24.91,24.4,24.86,366800
TAP,26-Oct-2010,48.43,48.44,47.66,47.69,926100
TAP.A,26-Oct-2010,46.85,46.85,46.85,46.85,200
TBI,26-Oct-2010,14.75,15.43,14.75,15.19,309400
TCAP,26-Oct-2010,16.2,16.4,16.13,16.23,51300
TCI,26-Oct-2010,9,9,8.94,9,800
TCO,26-Oct-2010,48.44,48.62,48.05,48.3,486500
TD,26-Oct-2010,36.355,36.42,36.12,36.215,817400
TDA,26-Oct-2010,25.15,25.25,25.14,25.22,25600
TDC,26-Oct-2010,38.48,38.84,38.03,38.39,958000
TDF,26-Oct-2010,30.45,30.71,30.35,30.51,32700
TDG,26-Oct-2010,64.93,65.94,64.56,65.67,178000
TDI,26-Oct-2010,24.32,24.58,24.3,24.49,13700
TDS,26-Oct-2010,34.39,34.64,34.15,34.35,365200
TDW,26-Oct-2010,45.88,46.59,45.55,45.61,387100
TDY,26-Oct-2010,41.47,42.37,41.18,41.92,119600
TEF,26-Oct-2010,26.6133,26.7467,26.5167,26.6733,362500
TEI,26-Oct-2010,16.59,16.81,16.56,16.6,249900
TEL,26-Oct-2010,31.62,31.63,31.03,31.33,2277600
TEN,26-Oct-2010,32.98,33.63,32.45,33.55,934500
TEO,26-Oct-2010,22.81,23.04,22.58,22.78,105400
TER,26-Oct-2010,11.62,11.84,11.43,11.75,6361400
TEVA,26-Oct-2010,52.44,52.74,52.1,52.72,3664500
TEX,26-Oct-2010,22.31,22.87,22.12,22.24,1902900
TFX,26-Oct-2010,57.89,58.69,57.81,58.12,177900
TG,26-Oct-2010,19.73,20.04,19.67,19.72,53400
TGH,26-Oct-2010,24.2,24.36,23.88,24.06,130900
TGI,26-Oct-2010,41.44,42.17,41.295,41.62,151000
TGP,26-Oct-2010,34,34.12,33.79,33.84,106000
TGS,26-Oct-2010,4.14,4.14,3.8,3.97,30900
TGT,26-Oct-2010,53.54,53.74,53.05,53.14,5379700
THC,26-Oct-2010,16.96,17,16.72,16.72,5684500
THG,26-Oct-2010,45.75,46.29,45.75,45.95,215300
THO,26-Oct-2010,31.59,32.08,31,31.56,297600
THS,26-Oct-2010,45.99,46.14,45.79,46,179100
TI,26-Oct-2010,14.81,15.02,14.76,14.97,494500
TI.A,26-Oct-2010,11.99,12.03,11.91,11.96,87900
TIF,26-Oct-2010,51.1,52.88,51.1,52.41,2337000
TJX,26-Oct-2010,22.76,23.135,22.7,23.055,2864600
TK,26-Oct-2010,31,31.77,30.75,31.19,510800
TKC,26-Oct-2010,18.51,18.66,18.5,18.61,491800
TKF,26-Oct-2010,19.28,19.28,18.99,19.11,18300
TKR,26-Oct-2010,41.81,42,41.27,41.36,765900
TLI,26-Oct-2010,11.35,11.39,11.32,11.39,31400
TLK,26-Oct-2010,20.08,20.35,20.075,20.31,90200
TLP,26-Oct-2010,34.82,34.86,34.05,34.46,51400
TM,26-Oct-2010,70.95,71.13,70.58,70.87,363800
TMK,26-Oct-2010,24.5289,24.84,24.4667,24.7778,637600
TMO,26-Oct-2010,50.08,50.34,49.52,50.32,2858400
TNC,26-Oct-2010,31.88,34.48,31.42,34.35,245500
TNH,26-Oct-2010,110.85,114.79,110.25,114.79,41300
TNK,26-Oct-2010,12.19,12.27,12.05,12.09,732200
TNP,26-Oct-2010,12.04,12.37,12.02,12.32,240700
TOL,26-Oct-2010,18.08,18.28,18.02,18.04,1342100
TOO,26-Oct-2010,24.85,25.3,24.85,25.16,160500
TOT,26-Oct-2010,53.79,54.43,53.63,54.38,2714000
TOWR,26-Oct-2010,12.9,12.9,12.75,12.85,52300
TPC,26-Oct-2010,23.08,23.52,22.94,23.18,149700
TPL,26-Oct-2010,37.91,38,37.67,37.78,10400
TPX,26-Oct-2010,34.6,35.01,34.48,34.73,471300
TPZ,26-Oct-2010,23.54,23.56,23.42,23.42,93800
TR,26-Oct-2010,26.1,26.13,25.87,25.9,57500
TRC,26-Oct-2010,22.93,23.05,22.83,22.88,33600
TREX,26-Oct-2010,9.06,9.175,9.005,9.12,99600
TRI,26-Oct-2010,38.15,38.96,38.15,38.81,452600
TRK,26-Oct-2010,15.15,15.65,15.15,15.45,63100
TRN,26-Oct-2010,12.12,12.12,11.765,11.795,888900
TRNO,26-Oct-2010,18.05,18.3,17.89,18.01,53300
TRP,26-Oct-2010,37.42,37.5,37.01,37.07,359800
TRU,26-Oct-2010,3.53,3.56,3.5,3.51,7200
TRV,26-Oct-2010,54.54,55.25,54.52,55.03,5847300
TS,26-Oct-2010,40.92,41.24,40.53,41.12,2125900
TSI,26-Oct-2010,5.26,5.28,5.22,5.25,90700
TSM,26-Oct-2010,10.61,10.69,10.57,10.62,5179100
TSN,26-Oct-2010,15.65,15.84,15.4,15.8,4081000
TSS,26-Oct-2010,15.7,15.81,15.56,15.69,965800
TSU,26-Oct-2010,32.51,33.83,32.39,33.43,549200
TTC,26-Oct-2010,14.1825,14.3825,14.1475,14.2525,92400
TTF,26-Oct-2010,13.62,13.79,13.62,13.71,43600
TTI,26-Oct-2010,9.81,10.08,9.75,9.97,406600
TTM,26-Oct-2010,28.7,29.16,28.57,28.95,1271200
TU,26-Oct-2010,21.965,21.965,20.95,21.06,233000
TUP,26-Oct-2010,46.37,46.81,46.04,46.13,391800
TV,26-Oct-2010,21.93,22.33,21.91,22.3,2592800
TVC,26-Oct-2010,26.98,27.29,26.86,27.14,22200
TVE,26-Oct-2010,26.3,26.38,26.18,26.38,11400
TWI,26-Oct-2010,14.31,14.65,14.2,14.46,710100
TWN,26-Oct-2010,17.2,17.36,17.17,17.3,49200
TWX,26-Oct-2010,31.43,31.73,31.17,31.48,7262900
TX,26-Oct-2010,35.09,35.09,34.14,34.32,217300
TXT,26-Oct-2010,20.64,20.95,20.6,20.67,4556500
TY,26-Oct-2010,12.92,12.95,12.87,12.93,64000
TY.P,26-Oct-2010,50.75,51.45,50.25,50.25,300
TYG,26-Oct-2010,36.37,36.39,36,36.08,56200
TYL,26-Oct-2010,21.81,22.19,21.81,21.87,155100
UA,26-Oct-2010,5.67,6.0613,5.5938,5.9975,2042400
UAL,26-Oct-2010,27.53,28.69,27.3,28.44,5053600
UBA,26-Oct-2010,19.36,19.58,19.28,19.43,66400
UBP,26-Oct-2010,16.39,16.7,16.39,16.7,500
UBS,26-Oct-2010,17.02,17.11,16.78,16.98,10414200
UDR,26-Oct-2010,22.5,22.64,22.38,22.56,2281900
UFI,26-Oct-2010,4.57,4.65,4.5,4.61,173700
UFS,26-Oct-2010,37.695,38.25,37.09,37.625,380400
UGI,26-Oct-2010,19.7133,19.8533,19.6333,19.7133,494500
UGP,26-Oct-2010,15.4625,15.5375,15.385,15.5075,84900
UHS,26-Oct-2010,38.96,39.61,38.95,39.49,928400
UHT,26-Oct-2010,36.43,36.6,36.28,36.6,45200
UIS,26-Oct-2010,26.62,26.62,23.66,24.26,6997800
UL,26-Oct-2010,28.84,28.97,28.77,28.88,2035600
UMC,26-Oct-2010,2.8,2.81,2.74,2.8,1164700
UN,26-Oct-2010,29.72,29.87,29.61,29.75,2518400
UNF,26-Oct-2010,45.56,46.12,45.48,45.57,46100
UNH,26-Oct-2010,37.51,37.69,37.15,37.57,8050500
UNM,26-Oct-2010,22.22,22.47,22.22,22.42,3912000
UNP,26-Oct-2010,43.34,43.96,43.16,43.68,2647100
UNT,26-Oct-2010,36.5,37.36,36.28,37.12,334900
UPS,26-Oct-2010,69.04,69.63,68.67,69.42,2869300
URI,26-Oct-2010,18.68,19.13,18.44,18.6,1725100
USA,26-Oct-2010,4.52,4.56,4.51,4.53,376100
USB,26-Oct-2010,23.16,23.98,23.15,23.94,15885900
USB-A,26-Oct-2010,784,784,784,784,100
USB-H,26-Oct-2010,21.03,21.35,21.03,21.19,245700
USG,26-Oct-2010,12.86,12.91,12.63,12.71,978200
USM,26-Oct-2010,46.16,46.61,45.86,46.33,27200
USPH,26-Oct-2010,18.92,19.13,18.81,18.97,35700
UTF,26-Oct-2010,16.75,16.85,16.69,16.85,319700
UTI,26-Oct-2010,19.19,19.68,18.91,19.46,101900
UTL,26-Oct-2010,22.75,22.89,22.53,22.71,52800
UTX,26-Oct-2010,74.47,74.82,74.03,74.67,3527300
UVV,26-Oct-2010,40.86,41.79,40.86,41.36,124300
V,26-Oct-2010,20.045,20.0825,19.845,20.0075,3909100
VALE,26-Oct-2010,32.12,32.93,31.88,32.84,17443400
VAR,26-Oct-2010,61.03,61.83,60.5,61.17,1538400
VBF,26-Oct-2010,20.17,20.25,20.11,20.11,14600
VCO,26-Oct-2010,47.9,47.9,47.84,47.84,200
VCV,26-Oct-2010,13.2,13.26,13.05,13.07,59600
VFC,26-Oct-2010,21.1825,21.55,21.12,21.41,1049000
VG,26-Oct-2010,2.62,2.65,2.56,2.6,2067900
VGM,26-Oct-2010,15.04,15.06,14.95,14.95,102100
VGR,26-Oct-2010,18.67,18.75,18.61,18.63,196700
VHI,26-Oct-2010,6.8467,7.2233,6.8067,6.8467,15300
VIV,26-Oct-2010,23.91,24.4,23.91,24.34,92100
VKQ,26-Oct-2010,14.2,14.22,14.17,14.19,49500
VLO,26-Oct-2010,17.97,18.22,17.56,18,10275200
VLT,26-Oct-2010,17.62,17.74,17.43,17.48,69100
VLY,26-Oct-2010,13.21,13.36,13.12,13.29,817200
VLY-A,26-Oct-2010,25.4,25.4,25.4,25.4,300
VLY.W,26-Oct-2010,1.94,1.94,1.94,1.94,0
VMC,26-Oct-2010,36.7,37,36.52,36.75,863100
VMI,26-Oct-2010,79.46,80.38,78.92,79.59,126300
VMO,26-Oct-2010,14.39,14.39,14.32,14.37,35500
VMW,26-Oct-2010,77.01,77.01,75.24,75.42,2728200
VNO,26-Oct-2010,90.27,90.49,89.44,90.14,698800
VPG,26-Oct-2010,17.42,17.54,17.1,17.25,42600
VPV,26-Oct-2010,14.72,14.73,14.59,14.6,34800
VR,26-Oct-2010,28.77,29.06,28.71,28.8,432700
VRS,26-Oct-2010,3.63,3.72,3.61,3.69,73000
VRX,26-Oct-2010,26.28,26.85,26.2,26.8,1598100
VSH,26-Oct-2010,10.63,10.82,10.37,10.7,2465000
VSI,26-Oct-2010,28.46,28.78,28.18,28.61,216700
VTA,26-Oct-2010,12.09,12.18,12.06,12.17,182100
VTN,26-Oct-2010,15.6,15.69,15.59,15.62,12300
VTR,26-Oct-2010,53.06,54.16,53.06,53.91,1074700
VVC,26-Oct-2010,26.98,27.36,26.88,27.23,464500
VVI,26-Oct-2010,19.27,20.02,19.14,19.88,48500
VVR,26-Oct-2010,4.68,4.69,4.65,4.65,518200
VZ,26-Oct-2010,32.41,32.71,32.41,32.5,13760300
WAB,26-Oct-2010,23.75,24.25,23.665,23.88,363900
WAL,26-Oct-2010,6.09,6.25,6.09,6.16,294100
WAT,26-Oct-2010,72.8,73.57,71.79,73.29,995400
WBC,26-Oct-2010,42.12,43.09,41.94,42.94,454600
WBK,26-Oct-2010,22.452,22.586,22.45,22.524,11100
WBS,26-Oct-2010,16.99,17.32,16.75,17.1,336400
WCC,26-Oct-2010,44.1,44.62,43.79,43.84,564500
WCG,26-Oct-2010,28.81,28.84,27.92,27.97,562800
WCN,26-Oct-2010,18.04,18.1111,17.9911,18,283500
WDR,26-Oct-2010,27.1,28.55,27.07,28.34,1312200
WEA,26-Oct-2010,14.79,14.92,14.74,14.79,208900
WEC,26-Oct-2010,29.74,29.83,29.52,29.8,634900
WES,26-Oct-2010,29.2,29.5,29.02,29.38,163800
WF,26-Oct-2010,38.88,38.89,38.88,38.88,1000
WFC,26-Oct-2010,25.6,25.99,25.48,25.91,30595500
WFC-J,26-Oct-2010,26.87,27,26.8,26.9,123000
WFC-L,26-Oct-2010,1001,1004,1001,1004,6500
WFC.W,26-Oct-2010,7.87,8.14,7.87,8.12,92300
WFT,26-Oct-2010,16.97,17.23,16.91,17.12,11632900
WG,26-Oct-2010,9.01,9.3,8.91,9.24,244300
WGL,26-Oct-2010,38.65,38.65,38.28,38.3,220700
WGO,26-Oct-2010,9.86,10,9.73,9.78,154600
WHG,26-Oct-2010,35.95,37.1,35.84,37.1,3000
WHR,26-Oct-2010,84.34,86.02,83.71,84.52,1410800
WIA,26-Oct-2010,13.18,13.25,13.15,13.23,210300
WIT,26-Oct-2010,14.77,14.77,14.18,14.64,728700
WIW,26-Oct-2010,12.86,12.88,12.82,12.88,277000
WLK,26-Oct-2010,15.975,16.205,15.835,16.145,176600
WLL,26-Oct-2010,50.25,51.085,50.14,50.25,691500
WM,26-Oct-2010,36.56,36.87,36.49,36.5,3283900
WMB,26-Oct-2010,20.42,20.87,20.4,20.44,11327000
WMK,26-Oct-2010,39.41,39.78,39.36,39.41,20100
WMS,26-Oct-2010,41.47,42.09,40.94,41.86,734600
WMT,26-Oct-2010,53.84,54.73,53.83,54.56,10296900
WNC,26-Oct-2010,8.14,8.19,7.88,7.95,1487000
WNS,26-Oct-2010,10.02,10.86,9.92,10.25,121100
WOR,26-Oct-2010,15.14,15.37,14.9,15.25,490000
WPC,26-Oct-2010,30.8,30.8,30.55,30.64,69500
WPP,26-Oct-2010,8.66,8.92,8.5,8.51,369900
WPZ,26-Oct-2010,43.83,44.7,43.79,44.35,452800
WR,26-Oct-2010,24.86,25.05,24.79,24.93,697400
WRB,26-Oct-2010,27.91,28.02,27.52,27.57,1197900
WRD,26-Oct-2010,23.56,23.56,23.41,23.55,2700
WRE,26-Oct-2010,33.69,33.87,33.55,33.72,249200
WRI,26-Oct-2010,24.16,24.27,24,24.25,1188800
WSM,26-Oct-2010,31.82,32.65,31.82,32.44,1851700
WSO,26-Oct-2010,56.41,56.66,55.9,55.95,384200
WST,26-Oct-2010,17.86,18.12,17.8,18.02,66700
WTI,26-Oct-2010,10.83,11,10.75,10.92,211600
WTM,26-Oct-2010,319,326.24,318.99,321.87,24600
WTR,26-Oct-2010,16.768,16.904,16.696,16.8,368100
WTS,26-Oct-2010,35.27,35.7,34.94,35.51,169300
WTW,26-Oct-2010,33.43,33.92,33.3,33.46,161900
WU,26-Oct-2010,18,18.11,17.86,17.91,5288500
WWE,26-Oct-2010,13.9,14.05,13.9,14.02,142000
WWW,26-Oct-2010,14.695,15.15,14.555,15.01,316800
WY,26-Oct-2010,15.86,15.9,15.59,15.79,5822800
WYN,26-Oct-2010,30.05,30.27,29.1,29.24,5042600
X,26-Oct-2010,40.09,41.14,39.78,40.85,19589300
XCO,26-Oct-2010,208.95,212.85,207.15,211.05,1433000
XEC,26-Oct-2010,71.72,72.27,70.91,72.09,1088000
XIN,26-Oct-2010,3.03,3.1,3.01,3.05,273000
XL,26-Oct-2010,21.95,22.12,21.76,21.95,2669800
XOM,26-Oct-2010,65.96,66.57,65.81,66.53,17652800
XRM,26-Oct-2010,13.08,13.26,12.9,12.96,58000
XRX,26-Oct-2010,46.36,46.36,45.12,45.96,19450600
Y,26-Oct-2010,302.71,302.71,299.35,299.9,7000
YGE,26-Oct-2010,119.5,120,116.3,118.2,1812400
YPF,26-Oct-2010,39.12,39.41,39.1,39.15,4100
YUM,26-Oct-2010,49.77,49.9,49.51,49.81,2190000
ZB-A,26-Oct-2010,18.41,18.42,18.3,18.42,2800
ZF,26-Oct-2010,12.84,12.92,12.8,12.88,210000
ZNH,26-Oct-2010,38.07,39.3,38,38.65,132700
ZTR,26-Oct-2010,14.76,14.8,14.72,14.8,722100
